team_id,team_name,debut_episode,url,note,Creator,Creator_id,Description,num_matches,num_wins,playstyle_id,Image
9987ee21-7866-4e46-a461-f8d45b8800a7,Mega Sableye + Dugtrio Semi-Stall,1,https://pokepast.es/33d7e80684014ae1 ,,Heatah Fajita,6a0d58d5-dc2d-4f30-9203-e7a5a3859551,Aims to wear down and trap threats before sweeping with Rest CM Manaphy,1,1,5,wix:image://v1/b0bb2b_abf9a166ebea4e4f844a7f0f7e618b7a~mv2.png/sableye-mega.png#originWidth=630&originHeight=630
d96fcc9e-facc-4e3c-8bbb-126e1deb9faf,Diggersby HO,1,https://pokepast.es/b94978691f3d6ef1,"In a later appearance of the team (episode 51), Landorus had HP Ice instead of HP Fire",Heatah Fajita,6a0d58d5-dc2d-4f30-9203-e7a5a3859551,"Stacks hazards and hits hard, with Healing Wish Lati to bring someone back later",1,0,4,wix:image://v1/b0bb2b_27e7dc7bef3543c58c4d6cbbbf9b26ee~mv2.png/diggersby.png#originWidth=475&originHeight=475
deebbbbe-f8a7-4f3d-8563-c9008aa01cfa,Benadryl Offense,1,https://pokepast.es/e67cdad0ad8176b1,,Heatah Fajita,6a0d58d5-dc2d-4f30-9203-e7a5a3859551,Choice Band Excadrill team,1,0,2,wix:image://v1/b0bb2b_ea13c350c3d54451801bb9606a4cc13c~mv2.png/excadrill.png#originWidth=475&originHeight=475
f3b48a2a-99f8-4d23-ab02-450c50573067,Band Infernape,1,https://pokepast.es/f373f046ae73db3a,"info missing bc game was played by a user on another account, so sets could not be seen",Heatah Fajita,6a0d58d5-dc2d-4f30-9203-e7a5a3859551,Uses Specs Future Sight to get safe switch-ins to powerful attackers,1,0,3,wix:image://v1/b0bb2b_7ba6d3cb5c8b4952a5da0371ffbde1db~mv2.png/infernape.png#originWidth=475&originHeight=475
323c7e3a-7edb-4195-82fe-04d47da3207d,Double Lati Shark,1,https://pokepast.es/a328a6f92f3d8da4,"info missing bc game was played by a user on another account, so sets could not be seen",Heatah Fajita,6a0d58d5-dc2d-4f30-9203-e7a5a3859551,Pretty standard balance team,1,0,17,wix:image://v1/b0bb2b_42563aa86b9740b6ab0f7789573480e7~mv2.png/metagross-mega.png#originWidth=475&originHeight=475
775c5794-f78e-4570-a322-5bde9dbecbdc,Belch Salac Croak Balance,2,https://pokepast.es/57f493356220df2e,"info missing bc game was played by a user on another account, so sets could not be seen",Heatah Fajita,6a0d58d5-dc2d-4f30-9203-e7a5a3859551,Balance team featuring Sub Salac Toxicroak,1,0,1,https://assets.pokemon.com/assets/cms2/img/pokedex/detail/454.png
7b3a8628-186c-43b0-9f0c-602007ac5de3,Screens + double Salac Drum,2,https://pokepast.es/e5bb21432bd2e89d,,Heatah Fajita,6a0d58d5-dc2d-4f30-9203-e7a5a3859551,"Sweeps with belly drum or double dance mons with support from screens, tailwind, and memento.",1,0,4,https://assets.pokemon.com/assets/cms2/img/pokedex/detail/036.png
b28b7980-1866-40dc-93da-e78cd93ca6c6,Exploud + Paraspam,2,https://pokepast.es/fc2cc7f00f278bd2,"info missing bc game was played by a user on another account, so sets could not be seen",Heatah Fajita,6a0d58d5-dc2d-4f30-9203-e7a5a3859551,Aims to slow the entire opposing team down with paralysis before sweeping with Specs Boomburst Exploud,1,0,3,https://assets.pokemon.com/assets/cms2/img/pokedex/detail/295.png
1e66d218-56b4-45e6-9179-b6c290bc6381,Band Terrak + Specs Reuni Balance,6,https://pokepast.es/61ea524351b59e64,,Heatah Fajita,6a0d58d5-dc2d-4f30-9203-e7a5a3859551,Sand balance team that tries to overwhelm the opponent with Reuniclus' Specs Future Sight ,1,0,1,https://assets.pokemon.com/assets/cms2/img/pokedex/detail/639.png
2292ed29-3fff-4fe0-8c21-bf921f524036,Spikes Diggs Hyper Offense,6,https://pokepast.es/df2cf398922d599f,,Heatah Fajita,6a0d58d5-dc2d-4f30-9203-e7a5a3859551,A hyper offense team that uses the threat of Huge Power Diggersby to set up free Spikes on the switch,1,0,4,wix:image://v1/b0bb2b_27e7dc7bef3543c58c4d6cbbbf9b26ee~mv2.png/diggersby.png#originWidth=475&originHeight=475
5b34d1a0-abbf-4a52-a8c7-60b3b66e16e1,Scolipede + DD Tar,6,https://pokepast.es/1f2c325a9ad2daa4,reportedly has 6-0'd CBB,CTC,6e0b221b-5e2e-4bc5-b732-ac8d8e83a7f5,A hyper offense team that uses Scolipede to stack Spikes and T-Spikes early,1,0,4,https://assets.pokemon.com/assets/cms2/img/pokedex/detail/545.png
696c604f-2584-4c04-b4b2-038b474e73db,Tickle Wobbuffet into Pursuit Weavile,6,https://pokepast.es/f9282f362b45d36b,,Heatah Fajita,6a0d58d5-dc2d-4f30-9203-e7a5a3859551,A bulky team that forces removal of problematic mons by destroying their defense with Wobbuffet's Tickle before Pursuit-trapping them,1,0,1,https://assets.pokemon.com/assets/cms2/img/pokedex/detail/202.png
90b01d79-6720-4be2-ad5f-7391830676c4,"Snarl Mega Sableye, Kyurem Black and Healing Wish Clef",6,https://pokepast.es/1783cf8fe5ea7411,,Heatah Fajita,6a0d58d5-dc2d-4f30-9203-e7a5a3859551,Balance team using Mega Sableye to keep hazards off the field throughout the game,1,0,1,wix:image://v1/b0bb2b_abf9a166ebea4e4f844a7f0f7e618b7a~mv2.png/sableye-mega.png#originWidth=630&originHeight=630
389df74e-8ef6-4e77-9340-5185cc5e3da1,Cacturne,7,https://pokepast.es/27fa30ca343ffda8,,Heatah Fajita,6a0d58d5-dc2d-4f30-9203-e7a5a3859551,Offensive team with Cacturne and Toxicroak as the main water switch-ins,1,0,2,https://assets.pokemon.com/assets/cms2/img/pokedex/detail/332.png
5821353f-e974-4c00-a767-994ad178312f,Beedrill Squad,7,https://pokepast.es/1225df5cb1c1532d,,Heatah Fajita,6a0d58d5-dc2d-4f30-9203-e7a5a3859551,Offensive team with three Swords Dance users,1,0,2,https://assets.pokemon.com/assets/cms2/img/pokedex/full/015_f2.png
837556db-6237-43b5-996e-6a19929432b8,Mono Fire Sun,7,https://pokepast.es/cf5c916cc7b8ed07,,CTC,6e0b221b-5e2e-4bc5-b732-ac8d8e83a7f5,Hyper Offense sun team with six Fire types,1,0,9,https://assets.pokemon.com/assets/cms2/img/pokedex/detail/494.png
ae74d6f2-2bc1-4b5d-a612-fd529da5eb3a,Eelektross + Mega Camel,7,https://pokepast.es/6228b51439b77c5d,,Heatah Fajita,6a0d58d5-dc2d-4f30-9203-e7a5a3859551,Balance team using Mega Camerupt as a powerful wallbreaker,1,0,1,https://assets.pokemon.com/assets/cms2/img/pokedex/detail/604.png
28f64a6f-b5b9-4dc6-b165-80253ee165bb,Fabio's Origin,8,https://pokepast.es/1a01130d72a13f79,,Heatah Fajita,6a0d58d5-dc2d-4f30-9203-e7a5a3859551,"Offensive team featuring Mega Ampharos, aka Fabio, who would become the poster boy of the entire series",1,0,2,wix:image://v1/b0bb2b_7b9207ce2b0d453a85982f54eadf2a02~mv2.png/fabio.png#originWidth=475&originHeight=475
398ec927-2494-4fbb-98ef-37604af0bd47,Band Champ,8,https://pokepast.es/600dff0ffacf5d69,,Blunder,6c4a38e3-74d7-4f59-ac21-42ec109e7982,Balance/offensive team with Choice Band Machamp,1,0,1,https://assets.pokemon.com/assets/cms2/img/pokedex/detail/068.png
5eac4b94-7a19-461e-9c66-1143cff0f5a8,Mega Abomasnow + Emboar,8,https://pokepast.es/68ee981da9efc2dd,,CTC,6e0b221b-5e2e-4bc5-b732-ac8d8e83a7f5,Offensive team that attempts to sweep or wallbreak with the aformentioned mons,1,0,2,https://assets.pokemon.com/assets/cms2/img/pokedex/full/460_f2.png
c37661f2-c25d-4bb5-9362-9bba65910d49,Dual Weather Heat,8,https://pokepast.es/8e906ede9407acdd,"Mold Breaker Excadrill is an error retained for historical accuracy.  Clearly, it was meant to have Sand Rush.",CTC,6e0b221b-5e2e-4bc5-b732-ac8d8e83a7f5,"Part sun, part sand, whole heat",1,0,7,https://assets.pokemon.com/assets/cms2/img/pokedex/full/006_f3.png
ca14f1a4-3d9f-430b-8f50-fa2b62027081,Dual Screens Triple Prankster Stall,8,https://pokepast.es/8d26819a734ed3aa,,CTC,6e0b221b-5e2e-4bc5-b732-ac8d8e83a7f5,Stall team that uses Perish Trap Murkrow and facilitates its defensive mons with screens support,1,0,6,https://assets.pokemon.com/assets/cms2/img/pokedex/detail/198.png
df01affe-e7ce-43cf-b305-29df6576d0d5,DRUDDIGON,8,https://pokepast.es/5015c9d07f08f503,,Blunder,6c4a38e3-74d7-4f59-ac21-42ec109e7982,"Offensive team with Druddigon, several fast mons, and a surprise Trick Room sweeper Slowking",1,0,2,https://assets.pokemon.com/assets/cms2/img/pokedex/detail/621.png
8bfbe49c-8826-4d19-b95f-58bd74e2f82a,birds,9,https://pokepast.es/8804f568b3f6c1e0,,Heatah Fajita,6a0d58d5-dc2d-4f30-9203-e7a5a3859551,Offensive flying spam team,1,0,2,https://assets.pokemon.com/assets/cms2/img/pokedex/detail/277.png
ace8ac6f-2ce1-4003-b8a9-631b974a77b4,Trick Room + Mega Sharpedo,9,https://pokepast.es/13081b85c7964884,,Blunder,6c4a38e3-74d7-4f59-ac21-42ec109e7982,Trick Room team that doesn't need Trick Room up to have a fast sweeper,1,0,13,https://assets.pokemon.com/assets/cms2/img/pokedex/detail/233.png
c1c788dc-b471-4e48-a1d5-e837ea1843d5,TurnTurn Glalie,9,https://pokepast.es/49fa7214e66c4173,,Heatah Fajita,6a0d58d5-dc2d-4f30-9203-e7a5a3859551,Uses multiple U-Turn and Volt Switch mons to get frequent free switches to Mega Glalie.,1,0,16,wix:image://v1/b0bb2b_efda966cca034db0adc248c511699038~mv2.png/glalie-mega.png#originWidth=475&originHeight=475
d1f733fc-24b1-4cf6-a9c4-f7967c856d77,Triple Trappers,9,https://pokepast.es/701c60567d65c33d ,,Blunder,6c4a38e3-74d7-4f59-ac21-42ec109e7982,"Uses Gothitelle, Whirlpool Perish Song Azu, and Block Mega Ttar to force remove key opposing mons ",1,0,17,https://assets.pokemon.com/assets/cms2/img/pokedex/detail/576.png
e9bf0348-903c-4abb-a752-9e9ee05b9cde,Slurpuff ,9,https://pokepast.es/0712796414ee9b0f,Sharpedo's EV spread was not shown,Pokeaimmd,ab420480-a248-4d24-87a3-cd557141f07f,Offensive team with Belly Drum Unburden Slurpuff,1,0,2,https://assets.pokemon.com/assets/cms2/img/pokedex/detail/685.png
fe795e7d-697d-408b-ae5e-dc2c2ff69315,Rain Semistall + Kabutops,9,https://pokepast.es/747e0e0e62ee022a,,Heatah Fajita,6a0d58d5-dc2d-4f30-9203-e7a5a3859551,Wears down the opponent all game long before sweeping with Swift Swim SD Kabutops,1,0,9,https://assets.pokemon.com/assets/cms2/img/pokedex/detail/141.png
67b623f1-6606-4fb0-821a-f6a5ea38acd0,Donphan Heat + Fabio,10,https://pokepast.es/c2a3e4202800b811,Illuminate Starmie is a (likely) error retained for historical accuracy,Blunder,6c4a38e3-74d7-4f59-ac21-42ec109e7982,Fabio and 4 attacks Mew return with some new friends,1,0,2,wix:image://v1/b0bb2b_7b9207ce2b0d453a85982f54eadf2a02~mv2.png/fabio.png#originWidth=475&originHeight=475
98f9c8c7-4bb9-4868-87bc-edafa1762369,CB Fire Blast Gyarados,10,https://pokepast.es/23e6dc94b8499986,Gyarados' Double Edge was changed to Return in a future episode,CTC,6e0b221b-5e2e-4bc5-b732-ac8d8e83a7f5,Offensive team with a Gyarados meant to lure in Ferrothorn,1,0,2,wix:image://v1/b0bb2b_c5c0fd3ece434586a61c4b6601dd71fc~mv2.png/gyarados.png#originWidth=215&originHeight=215
c58aca17-373d-452d-baec-c60a027969b7,Double Defiant Webs,10,https://pokepast.es/a3a653959966a27e,,CTC,6e0b221b-5e2e-4bc5-b732-ac8d8e83a7f5,"Sticky Web team with Thundy, Sub Medicham, and Belly Drum Azu",1,0,14,https://assets.pokemon.com/assets/cms2/img/pokedex/full/642.png
d9ea7cb6-f0ac-4703-af76-33ffe9fbeef3,Aggron Balance,10,https://pokepast.es/f71864cf71e79e30,,CBB,dc8fdc82-a9c6-47c9-9a2b-4ad5baeb4294,Attempts to sweep with Rock Polish Head Smash Aggron,1,0,1,https://assets.pokemon.com/assets/cms2/img/pokedex/detail/306.png
f4f65ffc-0b70-4e1e-9d83-5893d764ebb5,Mega Sceptile + Heracross,10,https://pokepast.es/a2a94f60747bd78c,,Heatah Fajita,6a0d58d5-dc2d-4f30-9203-e7a5a3859551,Balance team with Guts SD Heracross as a powerful wallbreaker,1,0,1,https://assets.pokemon.com/assets/cms2/img/pokedex/detail/214.png
10682d22-89f9-47f8-b505-c4dfd27ebd5d,Fabio's Origin + Offensive Amoongus,11,https://pokepast.es/0d915944bd3415c3,,Pokeaimmd,ab420480-a248-4d24-87a3-cd557141f07f,Fabio team that replaces Azu with Aim's signature Amoongus set,1,0,2,wix:image://v1/b0bb2b_7b9207ce2b0d453a85982f54eadf2a02~mv2.png/fabio.png#originWidth=475&originHeight=475
2bddbfdf-4761-45c8-bc7c-b5cf8606a567,Mega Sceptile + Malamar Cash,11,https://pokepast.es/5d416cc94334ad9e ,,CTC,6e0b221b-5e2e-4bc5-b732-ac8d8e83a7f5,Attempts to sweep with Malamar or Critdra,1,0,1,https://assets.pokemon.com/assets/cms2/img/pokedex/detail/687.png
4493d019-82de-454a-837c-6ebb137145e3,SD Tentacruel + DD Mega Latios,11,https://pokepast.es/8531973377b3e14b,,CTC,6e0b221b-5e2e-4bc5-b732-ac8d8e83a7f5,Hyper Offense team with physical Mega Latios,1,0,4,https://assets.pokemon.com/assets/cms2/img/pokedex/full/381_f2.png
7557c025-4f10-4adc-8979-88ae84c490bd,Tryhardery + Banette,11,https://pokepast.es/4d2c273bc1362a6f ,"iconic moment: Serperior crits a Bisharp with HP Fire.  The opponent gets salty and the guys start spamming the chat that the crit didn't matter and claiming Serp has HP Fighting for TTar, Heatran, Chansey, and Sap Sipper Bouffalant.  In a future appearance of the team (episode 38), Banette had Gunk Shot over Will-O-Wisp and Serperior had Dragon Pulse over Hyper Beam.",CTC,6e0b221b-5e2e-4bc5-b732-ac8d8e83a7f5,A mostly standard team with a mega that they thought was part Dark,1,0,1,https://assets.pokemon.com/assets/cms2/img/pokedex/full/354_f2.png
bcba4433-e74e-4204-8413-6874c7821095,SD Tentacruel + Offensive Mandibuzz,11,https://pokepast.es/710fff6dee15650a,,Pokeaimmd,ab420480-a248-4d24-87a3-cd557141f07f,An edit of the DD Latios team where Mandibuzz probably isn't killing Heatrans with Bone Rush,1,0,4,https://assets.pokemon.com/assets/cms2/img/pokedex/detail/630.png
3df4dc5c-a928-457e-af82-1005aab6b981,Band Sand,17,https://pokepast.es/fef3d4e552f6cc27,"debuted much earlier, but this was the earliest record I could find of the team",Heatah Fajita,6a0d58d5-dc2d-4f30-9203-e7a5a3859551,A sand team where every member has a Choice Band,1,0,10,https://assets.pokemon.com/assets/cms2/img/pokedex/full/645_f2.png
bc7cbf52-bed2-45c7-a250-ae3f3861b7c8,Hoopmixape,17,https://pokepast.es/fa0420d473745daa,,Heatah Fajita,6a0d58d5-dc2d-4f30-9203-e7a5a3859551,A balance team featuring mixed Infernape,1,0,1,wix:image://v1/b0bb2b_7ba6d3cb5c8b4952a5da0371ffbde1db~mv2.png/infernape.png#originWidth=475&originHeight=475
c4efe080-ce7f-4ea4-9291-12cc6dc71e48,Transvesnite,17,https://pokepast.es/17da1e06608e5252,,CTC,6e0b221b-5e2e-4bc5-b732-ac8d8e83a7f5,An offensive team featuring mixed Assault Vest Dragonite as the main pivot,1,0,2,https://assets.pokemon.com/assets/cms2/img/pokedex/detail/149.png
c7554430-acd7-4d04-a096-fbea89c300b5,Ice Beam Golurk + Poliwrath,17,https://pokepast.es/812a7dbdd05bca1e,,Blunder,6c4a38e3-74d7-4f59-ac21-42ec109e7982,Balance team with Poliwrath as a shuffler and a Golurk whose Ice Beam did 17% to Tornadus-T,1,0,1,https://assets.pokemon.com/assets/cms2/img/pokedex/detail/623.png
f2d12618-af82-4d26-83a1-5681e6234424,Standard Nidoking Team,17,https://pokepast.es/099b14b02fbcf976 ,missing Azumarill info,CTC,6e0b221b-5e2e-4bc5-b732-ac8d8e83a7f5,Very standard team with the only slightly unstandard Nidoking,1,0,2,https://assets.pokemon.com/assets/cms2/img/pokedex/detail/034.png
103b073e-d42f-4861-ab20-9887f8404f03,Specs Amoongus HO,19,https://pokepast.es/a9a0029190020503,HP Dark on Amoongus is an error retained for historical accuracy,CTC,6e0b221b-5e2e-4bc5-b732-ac8d8e83a7f5,"Hyper Offense team with physical Thundurus, Empoleon, and Amoongus",1,0,4,wix:image://v1/b0bb2b_58a131222c7344a582a2e60dbb52cad0~mv2.png/amoongus.png#originWidth=215&originHeight=215
89c81d73-54bc-47b8-8bf0-ac5273472f0d,Walrein,19,https://pokepast.es/47e7598c74952b29 ,,Blunder,6c4a38e3-74d7-4f59-ac21-42ec109e7982,Hyper Offense team with two Water-Ice types,1,0,4,https://assets.pokemon.com/assets/cms2/img/pokedex/detail/365.png
a122a61d-4f83-4f44-8af9-5c93c0b2f0f8,Mega Abomasnow + Slack Off Infernape,19,https://pokepast.es/07795181b733116a,,Heatah Fajita,6a0d58d5-dc2d-4f30-9203-e7a5a3859551,Bulky Offense team with two Sinnoh starters and a mixed Abomasnow,1,0,3,https://assets.pokemon.com/assets/cms2/img/pokedex/full/460_f2.png
30bde7bb-4cee-4a23-8a74-f37517a2b0b3,Toxicroak Quagsire Balance,20,https://pokepast.es/4961d6035518f371,Some Tornadus EVs missing,Heatah Fajita,6a0d58d5-dc2d-4f30-9203-e7a5a3859551,Balance team with a strong defensive backbone,1,0,1,https://assets.pokemon.com/assets/cms2/img/pokedex/detail/195.png
5e694a07-8030-4107-b766-4b835a64e0a5,Registeel Sun,20,https://pokepast.es/c206eeea8854369a,,Heatah Fajita,6a0d58d5-dc2d-4f30-9203-e7a5a3859551,Sun team whose SpDef wall hates being in Sun,1,0,9,https://assets.pokemon.com/assets/cms2/img/pokedex/detail/379.png
75eac09c-7788-4d71-90dd-dc6ffd675d47,Toxicroak Crobat Balance,20,https://pokepast.es/9c9f493d8525db3f,,Heatah Fajita,6a0d58d5-dc2d-4f30-9203-e7a5a3859551,An edit of the Toxicroak Quagsire team with an extra sweeper added,1,0,1,https://assets.pokemon.com/assets/cms2/img/pokedex/detail/169.png
8bdc9ba4-cbb7-4cbb-9327-9ec4fa929d70,Entei Blissey Hyperstall,20,https://pokepast.es/ed1a6ac815f6bcfe,,Heatah Fajita,6a0d58d5-dc2d-4f30-9203-e7a5a3859551,Balance/offensive team with RestTalk Entei and max special attack Blissey,1,0,2,https://assets.pokemon.com/assets/cms2/img/pokedex/detail/244.png
fa2790a3-1a26-4137-b2ba-d32ba011bb01,Moltres + Feraligatr,20,https://pokepast.es/3fe951b743ef7705,,CTC,6e0b221b-5e2e-4bc5-b732-ac8d8e83a7f5,Balance team with two Dragon Dance sweepers,1,0,1,https://assets.pokemon.com/assets/cms2/img/pokedex/detail/146.png
0f851965-36af-4f08-9ec6-2440472a3335,Mienshao + Mega Beedrill,21,https://pokepast.es/9171196d4db2ed1d,,Heatah Fajita,6a0d58d5-dc2d-4f30-9203-e7a5a3859551,Offensive team with four Volt-Turn users and no hazards,1,0,2,https://assets.pokemon.com/assets/cms2/img/pokedex/detail/620.png
3762bcd3-c5aa-4ab3-b4aa-5342d8619d47,Cobalion + Shaymin,21,https://pokepast.es/57dff414e332e5a3 ,"according to CTC, Shaymin was supposed to have Seed Flare, not Leech Seed",CTC,6e0b221b-5e2e-4bc5-b732-ac8d8e83a7f5,Balance team with a lure Shaymin and no fairy resist,1,0,1,https://assets.pokemon.com/assets/cms2/img/pokedex/detail/638.png
4fa039cb-af06-4cea-b9d4-a26859c6d2ec,Garbodor,21,https://pokepast.es/3e68b557d1ea7090,,Heatah Fajita,6a0d58d5-dc2d-4f30-9203-e7a5a3859551,Hyper Offense team that uses Garbodor as a physical wall and hazard stacker,1,0,4,https://assets.pokemon.com/assets/cms2/img/pokedex/detail/569.png
632219b5-f71e-4bfa-82e7-5e48d969d3cb,Omastar Rain,21,https://pokepast.es/6e02cbf7705c218c,"this team had very limited screen time, so very little information on sets is present",Heatah Fajita,6a0d58d5-dc2d-4f30-9203-e7a5a3859551,Rain team that uses the threat of Swift Swim Specs Omastar to set up Spikes,1,0,8,https://assets.pokemon.com/assets/cms2/img/pokedex/detail/139.png
9481b47a-be5e-4b17-9155-7be9319e380d,Specs Amoongus + Specs Slowking,21,https://pokepast.es/21469cb4119a9c7c ,,Heatah Fajita,6a0d58d5-dc2d-4f30-9203-e7a5a3859551,"A sand team of sorts with specs Amoongus, max special attack Mega Garchomp, and Tailwind support",1,0,10,wix:image://v1/b0bb2b_58a131222c7344a582a2e60dbb52cad0~mv2.png/amoongus.png#originWidth=215&originHeight=215
d58c25d5-e739-42f1-b170-7e213cc2e5d7,Mega Doom ,21,https://pokepast.es/988a33f6a461a612,iconic moment: Serperior Leaf Storms into Heatran.  Opponent brings out Rotom-W and takes 99%,Heatah Fajita,6a0d58d5-dc2d-4f30-9203-e7a5a3859551,Offensive team that uses Sunny Day Mega Houndoom as its primary wallbreaker,1,0,2,https://assets.pokemon.com/assets/cms2/img/pokedex/full/229_f2.png
03ba0120-0049-4ab4-9821-72f8be3e5988,Lead Froslass HO,22,https://pokepast.es/175f15a920e10df5,,Heatah Fajita,6a0d58d5-dc2d-4f30-9203-e7a5a3859551,Hyper Offense team where Froslass is the hazard stacker,1,0,4,https://assets.pokemon.com/assets/cms2/img/pokedex/detail/478.png
1c03801c-d36f-44d8-a3b4-cc691fdb7c59,Cofagrigus Screens Offense,22,https://pokepast.es/55613a0e8648be60,,Heatah Fajita,6a0d58d5-dc2d-4f30-9203-e7a5a3859551,Screens Hyper Offense team with a Trick Room sweeping Cofagrigus,1,0,4,https://assets.pokemon.com/assets/cms2/img/pokedex/detail/563.png
62bfb363-c94c-41d9-9884-0b12ea6d28b0,Zygarde Semistall,22,https://pokepast.es/19483ef30cf6813f,Keen Eye Sableye is an error retained for historical accuracy.  It should be Prankster,Heatah Fajita,6a0d58d5-dc2d-4f30-9203-e7a5a3859551,Annoys the opponent and tries to lategame sweep with Coil Zygarde,1,0,5,https://assets.pokemon.com/assets/cms2/img/pokedex/detail/718.png
66aed049-6821-46bb-bee4-025722da97da,"Scarf Gyarados, Dragalge and mixed Emboar ",22,https://pokepast.es/9749eb61e8878f3b,,Heatah Fajita,6a0d58d5-dc2d-4f30-9203-e7a5a3859551,"Offensive team with a reliable revenge killer, a strong wallbreaker, and max special attack Emboar",1,0,2,wix:image://v1/b0bb2b_c5c0fd3ece434586a61c4b6601dd71fc~mv2.png/gyarados.png#originWidth=215&originHeight=215
acd850e1-bf24-45b0-a37d-ef4f4f5a8986,Mega Sceptile + Triple Band,22,https://pokepast.es/9341f48142efa770,,Heatah Fajita,6a0d58d5-dc2d-4f30-9203-e7a5a3859551,Offensive team with three Choice Band mons,1,0,2,https://assets.pokemon.com/assets/cms2/img/pokedex/full/254_f2.png
7819c895-1d07-4d4e-bc62-d6a3df42cc1c,Dank Meat,23,https://pokepast.es/f6e283eb474069bd,,Heatah Fajita,6a0d58d5-dc2d-4f30-9203-e7a5a3859551,Balance team with Hoopa-Unbound and Mega Pidgeot,1,0,1,https://assets.pokemon.com/assets/cms2/img/pokedex/full/018_f2.png
9ec55ac2-ffff-4617-865b-6ebc8896f192,Tailwind Yanmega,23,https://pokepast.es/1d92c93a6ec4fbd3,,Heatah Fajita,6a0d58d5-dc2d-4f30-9203-e7a5a3859551,"Uses Sash Yanmega to set up Tailwind, opening the door for sweepers like Nasty Plot Toxicroak and SD Diggersby ",1,0,4,wix:image://v1/b0bb2b_1eb1aa893f384a31a2cc9b0e950537d8~mv2.png/yanmega.png#originWidth=215&originHeight=215
a31a4eca-8648-4054-92c7-c0a143dc2931,"""A real team"" + Scald Mew",23,https://pokepast.es/60922cea99a23014,"According to CBB, the team was suppposed to have Excadrill, and had no idea where the Mew came from",CBB,dc8fdc82-a9c6-47c9-9a2b-4ad5baeb4294,A mostly standard bulky offense team with an apparently unexpected member,1,0,1,wix:image://v1/b0bb2b_23e8784c18884935bec4d7da83e85333~mv2.png/mew.png#originWidth=215&originHeight=215
ef8d891d-3c4e-414a-929e-cc49602280e5,5 Choiced-Mons,23,https://pokepast.es/152288a9174ef6c4,"According to CBB, HP Steel on Togekiss was a mistake.  It was meant to be HP Ground.  ",CBB,dc8fdc82-a9c6-47c9-9a2b-4ad5baeb4294,"Offensive team with two Specs, two Bands, and Scarf Zoroark",1,0,2,wix:image://v1/b0bb2b_dc0394af38ac4c7e99e1f20e81c7a930~mv2.png/zoroark.png#originWidth=215&originHeight=215
283f649e-e61d-43c6-85da-7baec365f2da,Quick Attack Shaymin,24,https://pokepast.es/a0d09a437c4d8946 ,Iconic moment: Shaymin wins the game by killing a Mega Scizor with Quick Attack,Heatah Fajita,6a0d58d5-dc2d-4f30-9203-e7a5a3859551,Responsible for one the most iconic moments of the entire series,1,0,2,wix:image://v1/b0bb2b_ac754d0fe9a040d7a1cfcb93623d48b2~mv2.png/shaymin.png#originWidth=215&originHeight=215
7c9cc33a-30a5-49e3-b02c-ae824ecd4133,No AIDS,24,https://pokepast.es/ac9d79cc1f38a44b,,CTC,6e0b221b-5e2e-4bc5-b732-ac8d8e83a7f5,A balance team where every member has protection,1,0,1,https://assets.pokemon.com/assets/cms2/img/pokedex/detail/134.png
91eb21e7-947b-45a4-9fca-f25d3b2ceaf3,Dark Meat,24,https://pokepast.es/34a0e7bf16264ded  ,"debuted much earlier, but this was the earliest record I could find of the team being used",Heatah Fajita,6a0d58d5-dc2d-4f30-9203-e7a5a3859551,An offensive team with multiple hard hitting dark types,1,0,2,wix:image://v1/b0bb2b_0f6718cd8fee48eea0a3f7c0ac187c68~mv2.png/crawdaunt.png#originWidth=215&originHeight=215
93534453-d31a-4d78-accf-7884d3fc7a16,Celedank,24,https://pokepast.es/9777c0d74a5ec5a6,,Heatah Fajita,6a0d58d5-dc2d-4f30-9203-e7a5a3859551,Balance team featuring Specs Celebi,1,0,1,wix:image://v1/b0bb2b_e24a42f625704da483d1f9d0a45e7142~mv2.png/celebi.png#originWidth=215&originHeight=215
b51e01bb-b3f2-40a9-8e2f-c87d760a0f99,Roserade Happiness,24,https://pokepast.es/090c8d7bd9c83fc3,"In a later appearance of the team, Excadrill was changed to Mold Breaker",CTC,6e0b221b-5e2e-4bc5-b732-ac8d8e83a7f5,Offensive team with Scarf Roserade and LOrb Goodra,1,0,2,https://assets.pokemon.com/assets/cms2/img/pokedex/detail/407.png
06087268-c910-47c2-a30f-76cf4f31a348,Mega Pinsir HO,25,https://pokepast.es/66b26f61d51970ac,,Heatah Fajita,6a0d58d5-dc2d-4f30-9203-e7a5a3859551,Sets up Spikes before sweeping with Tail Glow Manaphy and SD Mega Pinsir,1,0,4,https://assets.pokemon.com/assets/cms2/img/pokedex/full/127_f2.png
3d1d7e89-5477-4b83-87bc-c1b8ea96a39b,Swing First,25,https://pokepast.es/26a32c34257fa561,missing Rotom's EV spread and item,Heatah Fajita,6a0d58d5-dc2d-4f30-9203-e7a5a3859551,Offensive team named for its Hitmontop with 3 priority moves,1,0,2,https://assets.pokemon.com/assets/cms2/img/pokedex/detail/237.png
9b335427-026a-4c21-a514-14d4854bf9f0,Regular Sharpedo Offense,25,https://pokepast.es/49aa4e706007a5db,,Heatah Fajita,6a0d58d5-dc2d-4f30-9203-e7a5a3859551,Offensive team with life orb Sharpedo,1,0,2,https://assets.pokemon.com/assets/cms2/img/pokedex/detail/319.png
cf244ea5-0065-47ec-a713-6f60b935924d,SD Celebi + Feraligatr HO,25,https://pokepast.es/32f924729e25d882,,Heatah Fajita,6a0d58d5-dc2d-4f30-9203-e7a5a3859551,Hyper Offense team where the only Water resists have life orb,1,0,4,wix:image://v1/b0bb2b_e24a42f625704da483d1f9d0a45e7142~mv2.png/celebi.png#originWidth=215&originHeight=215
18aec657-3357-4d9f-b4e6-6a6c4442a634,POWERFUL JESUS SQUAD UNSTOPPABLE,26,https://pokepast.es/eb4f4690bd4a69b5 ,,Blunder,6c4a38e3-74d7-4f59-ac21-42ec109e7982,"Uses Baton Pass Celebi to give Nasty Plot boosts to Jolteon, Mega Zard Y, and special Gyarados",1,0,4,https://assets.pokemon.com/assets/cms2/img/pokedex/detail/135.png
5dbcd2de-952f-44c3-8357-5e2c87dc5364,someones teddy team,26,https://pokepast.es/472033710d80a1c5 ,,Viewer,c829bcfe-9232-44e4-8092-31665941cfbf,Offensive sand team with Stoutland and Sub BP Celebi,1,0,10,https://assets.pokemon.com/assets/cms2/img/pokedex/detail/508.png
ffb5d920-6f77-422a-85c6-790a485e6f42,Qwilfish Goodra,26,https://pokepast.es/56ae5c81f92683c8 ,,CBB,dc8fdc82-a9c6-47c9-9a2b-4ad5baeb4294,Offensive team that uses lead Qwilfish as a Spike setter,1,0,4,https://assets.pokemon.com/assets/cms2/img/pokedex/detail/211.png
0c04989d-ddaf-40c8-8f05-a8da42e9c127,Tinted Specs Yanmega,28,https://pokepast.es/2e2f1e241720da10 ,,Heatah Fajita,6a0d58d5-dc2d-4f30-9203-e7a5a3859551,Uses Yanmega as a nearly unresisted wallbreaker,1,0,2,wix:image://v1/b0bb2b_1eb1aa893f384a31a2cc9b0e950537d8~mv2.png/yanmega.png#originWidth=215&originHeight=215
708e84ca-62a3-441d-bab9-dca6da5572e4,Zangoose Team,28,https://pokepast.es/f435018e51483930,"missing set information for Scizor and Hawlucha.  Based on the damage it took from a Life Orb Latios' Draco and -2 HP Fire, Scizor's actual SpDef stat must be between 211 and 250.  60 SpDef EVs gives it the former.",Emvee,ef81f2d5-206f-479e-a7e7-a32169563bb2,Balance team using Zangoose as a wallbreaker,1,0,1,https://assets.pokemon.com/assets/cms2/img/pokedex/detail/335.png
b68edba1-6657-40ef-82d7-e735a700cb57,DD Latios and Sucker Punch Latias,28,https://pokepast.es/9d6a572678aadf62  ,,Heatah Fajita,6a0d58d5-dc2d-4f30-9203-e7a5a3859551,Pretty standard team with some pretty unstandard sets,1,0,2,https://assets.pokemon.com/assets/cms2/img/pokedex/detail/380.png
e54e1c11-e8c7-455e-a723-7efeb0fc059d,Muk + Village Destroyer,28,https://pokepast.es/47321f9ee713448f,"iconic moment, Muk clicks Focus Punch on a Skarmory's Roost and kills it",Emvee,ef81f2d5-206f-479e-a7e7-a32169563bb2,Offensive team with mixed Muk and Toxic Orb Guts Ursaring,1,0,2,https://assets.pokemon.com/assets/cms2/img/pokedex/detail/089.png
1218a12c-2fc7-4ca5-872a-9d57985d73f6,Dark Meat variant with Me First Talonflame,30,https://pokepast.es/56d8430e52dacf2e ,,Heatah Fajita,6a0d58d5-dc2d-4f30-9203-e7a5a3859551,Offensive team with multiple dark type wall breakers and a gimmicky Talonflame,1,0,2,wix:image://v1/b0bb2b_b6ceb15c69c04581ae489512a34a10de~mv2.png/talonflame.png#originWidth=215&originHeight=215
40ca231a-dbba-4cbd-8a4f-0615d092b17b,Jamvad's fresh team -Ursaring + Noivern,30,https://pokepast.es/569dff1aee22fb28 ,,Heatah Fajita,6a0d58d5-dc2d-4f30-9203-e7a5a3859551,Hyper Offense team featuring Noivern,1,0,4,https://assets.pokemon.com/assets/cms2/img/pokedex/detail/715.png
49914795-e7a0-41f0-a4b3-44734d282f10,3 Choiced-Mons,30,https://pokepast.es/95942a42a86d8c3b ,,Heatah Fajita,6a0d58d5-dc2d-4f30-9203-e7a5a3859551,"Edit of ""5-Choiced-Mons"" with two choice items removed",1,0,2,wix:image://v1/b0bb2b_dc0394af38ac4c7e99e1f20e81c7a930~mv2.png/zoroark.png#originWidth=215&originHeight=215
6657f81f-e1a7-4be6-a2d1-17a09d9f6b90,Gothitelle Suicune,30,https://pokepast.es/db44af8058141fc7 ,HP Dark on Latios is an error retained for historical accuracy,Heatah Fajita,6a0d58d5-dc2d-4f30-9203-e7a5a3859551,Bulky Offense team with Goth and Pursuit Ttar for trapping and CroCune,1,0,3,https://assets.pokemon.com/assets/cms2/img/pokedex/detail/576.png
9a187ed7-1b54-4b79-b9d3-09ec1f89fb9f,Jamvad's fresh team,30,https://pokepast.es/051de1d998c09019 ,,Jamvad,36df3fca-d993-433f-9543-88f310950fdf,Hyper Offense team featuring Ursaring,1,0,4,https://assets.pokemon.com/assets/cms2/img/pokedex/detail/217.png
e9e5cd01-8073-46c8-b9ee-f12b4466bbf5,Scolipede Shark Thun-T HO,30,https://pokepast.es/76bce560cd385c5c ,,Heatah Fajita,6a0d58d5-dc2d-4f30-9203-e7a5a3859551,Hyper Offense team with mixed Mega Sharpedo,1,0,4,https://assets.pokemon.com/assets/cms2/img/pokedex/full/642_f2.png
36649297-48b5-43f9-acb0-0e2f9951b379,DPP Team in Gen 6,31,https://pokepast.es/c87c65e282c7d5af ,"Missing some EVs on Scizor.  Was stated to be ""max SpDef"", but it could also be based on the bulky swords dance set listed on Smogon, which uses 204 SpDef",Pokeaimmd,ab420480-a248-4d24-87a3-cd557141f07f,Literally a gen4ou team being used in gen 6,1,0,4,https://assets.pokemon.com/assets/cms2/img/pokedex/detail/068.png
567a7021-094d-4e8d-8280-8d1350b65f42,Fabio + Nasty Pass Mew,31,https://pokepast.es/f58c03861f41b8ef ,,Heatah Fajita,6a0d58d5-dc2d-4f30-9203-e7a5a3859551,Offensive team with several strong special attackers which can be boosted by Nasty Plot BP Mew,1,0,2,wix:image://v1/b0bb2b_7b9207ce2b0d453a85982f54eadf2a02~mv2.png/fabio.png#originWidth=475&originHeight=475
60e23f0d-012c-40d8-a539-610e6c85ea5f,Kabutops Offense,31,https://pokepast.es/648a64c9466cb65b ,,Heatah Fajita,6a0d58d5-dc2d-4f30-9203-e7a5a3859551,"Offensive team with four physical attackers, including Weak Armor Kabutops",1,0,2,https://assets.pokemon.com/assets/cms2/img/pokedex/detail/141.png
bfecb2bb-c568-46f1-860f-5bbe1357738a,Stunfisk Avalugg,31,https://pokepast.es/e21b2d75069a0b14 ,,Emvee,6a0d58d5-dc2d-4f30-9203-e7a5a3859551,"Balance team with offensive Stunfisk, Rest Natural Cure Roserade, and spinner Avalugg",1,0,1,https://assets.pokemon.com/assets/cms2/img/pokedex/detail/618.png
dd72000a-5861-4601-bedc-107f0ff5e908,Triple Trappers 2,31,https://pokepast.es/4b72dc6c0a8fe658 ,,Heatah Fajita,6a0d58d5-dc2d-4f30-9203-e7a5a3859551,Triple Trappers variant with more hazard stacking and hazard removal,1,0,2,wix:image://v1/b0bb2b_a22333cd79cd4521b5d0a7027d6e5578~mv2.png/azumarill.png#originWidth=215&originHeight=215
e6d5d8ac-2ecb-4272-ab1a-1137ea5c000a,Porygon-Z + SD Scolipede,31,https://pokepast.es/a5f1ff414445cabc ,,Heatah Fajita,6a0d58d5-dc2d-4f30-9203-e7a5a3859551,Offensive team with Specs Hyper Beam Porygon-Z as a brutal wallbreaker,1,0,2,wix:image://v1/b0bb2b_dc777ee9dfa84a2b9db22d0e7ff723f3~mv2.png/porygonz.png#originWidth=215&originHeight=215
3b8d8266-5e75-41f6-b370-f3fe70ab395c,"HGSS Red + ""Pikachu Doctor Edition""",32,https://pokepast.es/bc9043de1053e69a ,missing Charizard's item,Emvee,ef81f2d5-206f-479e-a7e7-a32169563bb2,"An honest attempt, but no this is trash",1,0,2,wix:image://v1/b0bb2b_a23f6e9e9452486db9715f43c956ecf7~mv2.png/300px-0025Pikachu-PhD.png#originWidth=300&originHeight=300
b2dc4ba7-685b-418b-b124-68bb224d5b01,Trash Whirlpool Mew,32,https://pokepast.es/433092abf16a9557 ,,Heatah Fajita,6a0d58d5-dc2d-4f30-9203-e7a5a3859551,Balance team with Taunt Whirlpool Binding Band Mew as a sort of stallbreaker,1,0,1,wix:image://v1/b0bb2b_23e8784c18884935bec4d7da83e85333~mv2.png/mew.png#originWidth=215&originHeight=215
b35335c0-b9a2-4d57-90ce-bcdf3054a597,Trash Whirlpool Azu + CB Lop,32,https://pokepast.es/15e75465e9f8de1a ,,Heatah Fajita,6a0d58d5-dc2d-4f30-9203-e7a5a3859551,"""Balance"" team with Perish Trap Azumarill, multiple Choiced Trick users, and Mega Swampert outside of rain",1,0,1,wix:image://v1/b0bb2b_a22333cd79cd4521b5d0a7027d6e5578~mv2.png/azumarill.png#originWidth=215&originHeight=215
be4252ea-5b2a-40af-b380-a5cffa986183,SD Mega Sceptile,32,https://pokepast.es/87716c8e2f34469b ,,Heatah Fajita,6a0d58d5-dc2d-4f30-9203-e7a5a3859551,"Balance team with Sceptile, Gravity Landorus, 3 attacks Clef ",1,0,1,https://assets.pokemon.com/assets/cms2/img/pokedex/full/254_f2.png
1681733a-1cb1-471b-8db8-aed8d2d7106f,CB Spiritomb,33,https://pokepast.es/fffb77e5f43db8d3 ,,Heatah Fajita,6a0d58d5-dc2d-4f30-9203-e7a5a3859551,"Uses Banded Spiritomb for either brutal Pursuit trapping, Sucker Punch picking, or wall crippling with Trick",1,0,2,wix:image://v1/b0bb2b_3c21b08c748d49fda6fbd7ecdd036c4e~mv2.png/spiritomb.png#originWidth=215&originHeight=215
1b7173dc-cca4-4328-89b8-6816fc79e1d6,Klefkitah Fajita,33,https://pokepast.es/39a8705856495a34 ,,CTC,6a0d58d5-dc2d-4f30-9203-e7a5a3859551,Pretty standard team with Klefki as an earlygame hazard stacker,1,0,1,https://assets.pokemon.com/assets/cms2/img/pokedex/detail/707.png
46509e07-f2c8-488f-8ce8-997d294967aa,Dragalge Sableye Anti Stall,33,https://pokepast.es/fa6120eb090f2bfb ,,Heatah Fajita,6a0d58d5-dc2d-4f30-9203-e7a5a3859551,Uses Specs Dragalge as a stall killer alongside multiple mons which stall might struggle to handle or themselves can stall,1,0,17,https://assets.pokemon.com/assets/cms2/img/pokedex/detail/691.png
7a0d06f6-dea9-4ddf-bdfc-ea1915e950c2,Triple Electric,33,https://pokepast.es/1fff9ffbb72d7d4f ,,Heatah Fajita,6a0d58d5-dc2d-4f30-9203-e7a5a3859551,"Uses three electric types to wear down each others counters, with the rest being ground immunities or counters",1,0,2,https://assets.pokemon.com/assets/cms2/img/pokedex/full/310_f2.png
04becd77-a358-4b98-9325-a5b3a3f14439,Zoroark Double Choice Trick,34,https://pokepast.es/0d4ccf8227ca6d02 ,,Heatah Fajita,6a0d58d5-dc2d-4f30-9203-e7a5a3859551,Cripples walls with Choice Trick  and wears down opponents with a 4-way VoltTurn core,1,0,2,wix:image://v1/b0bb2b_dc0394af38ac4c7e99e1f20e81c7a930~mv2.png/zoroark.png#originWidth=215&originHeight=215
09ecdaf6-ce72-4997-b98b-10a66743a8b6,Poliwrath Double Gravity,34,https://pokepast.es/6245cd9d577e8097 ,,Heatah Fajita,6a0d58d5-dc2d-4f30-9203-e7a5a3859551,"Uses Gravity to make inaccurate moves such as Blizzard, Thunder, and Focus Blast more reliable.  Also features RestTalk Poliwrath.",1,0,2,https://assets.pokemon.com/assets/cms2/img/pokedex/detail/062.png
453d2d1d-a870-4bf6-80c8-0782d07d421c,Cresselia Zard Y Semi Stall,34,https://pokepast.es/d025c61c02023b31 ,,Heatah Fajita,6a0d58d5-dc2d-4f30-9203-e7a5a3859551,Wears down the opponent with its strong defensive backbone before going for a sweep,1,0,5,https://assets.pokemon.com/assets/cms2/img/pokedex/detail/488.png
470cf455-5215-42cf-9cdc-9b28c7bee591,Nido Dank Squad/Dankqueen Squad,34,https://pokepast.es/17ef7c227a921a0e ,,Heatah Fajita,6a0d58d5-dc2d-4f30-9203-e7a5a3859551,"Balance team with Nidoqueen, double dance Slowbro, and banded Entei",1,0,1,https://assets.pokemon.com/assets/cms2/img/pokedex/detail/031.png
506a9143-fa10-4f96-9bc7-88ecdd5173c0,Swanna Lose,34,https://pokepast.es/241eb9837dc831be ,,Blunder,6c4a38e3-74d7-4f59-ac21-42ec109e7982,Rain team featuring Swanna,1,0,8,https://assets.pokemon.com/assets/cms2/img/pokedex/detail/581.png
68711c60-29ce-4a72-a857-b5e3000519ad,Band Jirachi Specs Toge,35,https://pokepast.es/1594938bd20a8d60 ,,CTC,6e0b221b-5e2e-4bc5-b732-ac8d8e83a7f5,Offensive team with two hard-hitting avenues for flinch hax,1,0,2,https://assets.pokemon.com/assets/cms2/img/pokedex/detail/385.png
a3991f28-357e-4939-b098-af33add28046,Trevenant,35,https://pokepast.es/0f83edb2330f85eb ,,Heatah Fajita,6a0d58d5-dc2d-4f30-9203-e7a5a3859551,Balance team with sub-seed Harvest Trevenant and Gothitelle,1,0,1,https://assets.pokemon.com/assets/cms2/img/pokedex/detail/709.png
a8c26b94-6423-40f4-a775-88defcaa5daa,4 Attacks Cobalion,35,https://pokepast.es/e0b14fcc19e7f222 ,,Heatah Fajita,6a0d58d5-dc2d-4f30-9203-e7a5a3859551,Pretty standard team with bulky 4 attacks Cobalion,1,0,1,https://assets.pokemon.com/assets/cms2/img/pokedex/detail/638.png
4cbee4c0-5cda-4375-9da3-8f98e39cbb1a,Specs Kyurem-Black,36,https://pokepast.es/f87f2a5d3514d5eb ,,Heatah Fajita,6a0d58d5-dc2d-4f30-9203-e7a5a3859551,Uses Specs Kyurem Black to destroy its usual physically bulky switch-ins,1,0,2,https://assets.pokemon.com/assets/cms2/img/pokedex/full/646_f3.png
6785009d-488b-4cc3-a78a-42ac20e5940d,Status Spam,36,https://pokepast.es/97dcbd0533e38b9c ,,Heatah Fajita,6a0d58d5-dc2d-4f30-9203-e7a5a3859551,A bulky team where every member is likely to inflict some kind of status condition,1,0,1,https://assets.pokemon.com/assets/cms2/img/pokedex/detail/468.png
36bf260c-04f1-4938-81af-0ca408b0b4fc,Empoleon Conk HO,37,https://pokepast.es/2b61d1060666e5d9 ,iconic moment: Mega Aero wins the game by getting 2 Ice Fang flinches in a row on Keldeo and dodging Scarf Lando Stone Edge,Heatah Fajita,6a0d58d5-dc2d-4f30-9203-e7a5a3859551,"Hyper Offense team with lead Froslass, Sub Agility Petaya Empoleon, Conkeldurr, and Mega Aerodactyl",1,0,4,https://assets.pokemon.com/assets/cms2/img/pokedex/detail/395.png
69ab6e21-2ea0-44e4-8cad-09583ff85d6c,Flame Orb Switcheroo Lopunny,37,https://pokepast.es/02f588e4a73aedad ,,Heatah Fajita,6a0d58d5-dc2d-4f30-9203-e7a5a3859551,Bulky balance team that uses Lopunny to shuffle items around and then heal a teammate,1,0,1,https://assets.pokemon.com/assets/cms2/img/pokedex/detail/428.png
38520346-c5a4-422a-b9f1-e8cc8e4b9906,Triple Trappers: Stall Edition,39,https://pokepast.es/83842f75f85e701b ,,Heatah Fajita,6a0d58d5-dc2d-4f30-9203-e7a5a3859551,Stall team utilizing many trappers and CroCune,1,0,6,https://assets.pokemon.com/assets/cms2/img/pokedex/detail/202.png
4ef5cdac-5947-4722-85a5-b8f1fd79deb8,Fabio + Specs Volcarona,39,https://pokepast.es/776f3ab66ac8c6c6 ,,Heatah Fajita,6a0d58d5-dc2d-4f30-9203-e7a5a3859551,"Volt-Turn team with Krookodile, Volcarona, and Fabio",1,0,16,wix:image://v1/b0bb2b_01180e1f92e6461989b3f8f4ed19faf4~mv2.png/volcarona.png#originWidth=215&originHeight=215
7b4cf713-d911-473e-b850-3a6c9691a48b,Feraligatr + Mystic Tar,39,https://pokepast.es/1b29abdfc6dd352c ,"In the team's first few battles, Latias had Earthquake instead of Ice Beam, and Feraligatr had Superpower instead of Crunch.  The latter was changed to make the team less weak to Slowbro.",CTC,6e0b221b-5e2e-4bc5-b732-ac8d8e83a7f5,Offensive team with two speed boosting sweepers and special Mega Tar,1,0,2,https://assets.pokemon.com/assets/cms2/img/pokedex/full/248_f2.png
dbbf90fb-edc1-44ab-ab34-1640eb762c18,SD Mega Venusaur,39,https://pokepast.es/a33c5210b4cb8e10 ,,Heatah Fajita,6a0d58d5-dc2d-4f30-9203-e7a5a3859551,Bulky Offense team with SD 2 attacks Venusaur,1,0,3,https://assets.pokemon.com/assets/cms2/img/pokedex/full/003_f2.png
07b3f6d6-83f3-40cd-9ce6-c1b75453cd28,Lum Lucario Scarf Mence,40,https://pokepast.es/d3a068286c704bdc ,missing some Ferrothorn EVs,Heatah Fajita,6a0d58d5-dc2d-4f30-9203-e7a5a3859551,"Balance team with special Lucario, Moxie Mence, and Mega Manectric",1,0,1,https://assets.pokemon.com/assets/cms2/img/pokedex/detail/448.png
4505d0ee-4aa0-4ba0-b401-032a9c021a2c,Jolteon Heracross Heat,40,https://pokepast.es/26f8195c4cf9f2a3 ,,Viewer (Metab),c829bcfe-9232-44e4-8092-31665941cfbf,Balance team with two bugs and two electrics,1,0,1,https://assets.pokemon.com/assets/cms2/img/pokedex/full/214_f2.png
4e607880-aa6c-44e0-bb8d-0a3e760640a0,Stallbreaker Glalie,40,https://pokepast.es/c21c30293fbde053 ,Having two Megas was not intentional,CTC,6e0b221b-5e2e-4bc5-b732-ac8d8e83a7f5,Balance team that uses Taunt RestTalk Mega Glalie as a stallbreaker,1,0,1,wix:image://v1/b0bb2b_efda966cca034db0adc248c511699038~mv2.png/glalie-mega.png#originWidth=475&originHeight=475
8368148b-e96c-46de-9892-4065660da03f,Mega Absol,40,https://pokepast.es/432b197b00db8caa ,,Pokaimmd,ab420480-a248-4d24-87a3-cd557141f07f,Offensive team that uses Mega Absol's Magic Bounce in place of hazard removal,1,0,2,https://assets.pokemon.com/assets/cms2/img/pokedex/full/359_f2.png
d88a9b26-b625-4400-acb0-1682c60588ec,SD Pass Celebi + Agility Dnite + RP Babiri Ttar ,40,https://pokepast.es/1fa84a16e2a85f24,"In its first battle, Tyranitar had Ice Punch instead of Stone Edge",Heatah Fajita,6a0d58d5-dc2d-4f30-9203-e7a5a3859551,Attempts to pass attack boosts to Rock Polish Ttar or Agility Dnite before going for a sweep,1,0,2,https://assets.pokemon.com/assets/cms2/img/pokedex/detail/248.png
080f655a-1161-4f18-82c3-af423659ee6b,The Most Standard HO with a Random Crit Honch,43,https://pokepast.es/3f8b979bc1da0f24 ,"CTC's attempt to ""break away from all this standard garbage and go back to the old days""",CTC,6e0b221b-5e2e-4bc5-b732-ac8d8e83a7f5,Except for that Bisharp set,1,0,4,https://assets.pokemon.com/assets/cms2/img/pokedex/detail/430.png
8dd20abc-4d8c-4cce-9b24-d6bb0dc1cc55,AV Spiritomb,43,https://pokepast.es/6b8841150ac04638 ,,Heatah Fajita,6a0d58d5-dc2d-4f30-9203-e7a5a3859551,"Balance team that uses Assault Vest Spiritomb to destroy mons like Volcarona, Charizard Y, and the Lati twins",1,0,1,wix:image://v1/b0bb2b_3c21b08c748d49fda6fbd7ecdd036c4e~mv2.png/spiritomb.png#originWidth=215&originHeight=215
ca6fb678-0782-460c-a11a-43c03f11d5bf,Mega Aggron + Virizion,43,https://pokepast.es/bcf1a776e8363522 ,,Heatah Fajita,6a0d58d5-dc2d-4f30-9203-e7a5a3859551,Because apparently SD Bounce Virizion destroys Amoongus stall teams,1,0,2,https://assets.pokemon.com/assets/cms2/img/pokedex/detail/640.png
4301404d-0246-450e-99a1-20f95ade0f92,Kabutops Volcarona Rain,44,https://pokepast.es/a9f9345c4ba44599 ,Most of sets have missing info,Heatah Fajita,6a0d58d5-dc2d-4f30-9203-e7a5a3859551,Kinda standard rain team ,1,0,8,wix:image://v1/b0bb2b_01180e1f92e6461989b3f8f4ed19faf4~mv2.png/volcarona.png#originWidth=215&originHeight=215
f9dd486b-8d7a-4c93-bb1e-f2898c709ef6,Specs Milotic + Offensive Hitmontop,44,https://pokepast.es/3d4a7c768d9e3197 ,,Heatah Fajita,6a0d58d5-dc2d-4f30-9203-e7a5a3859551,Offensive Team with a ,1,0,2,https://assets.pokemon.com/assets/cms2/img/pokedex/detail/350.png
188c2a7b-f09e-461a-b814-ef8d9afe6975,A DPP Rain Team,45,https://pokepast.es/7279f613c8c9882d,,Pokeaimmd,ab420480-a248-4d24-87a3-cd557141f07f,Literally a gen 4 ou rain team being used in gen 6 ou,1,0,8,https://assets.pokemon.com/assets/cms2/img/pokedex/detail/230.png
5e69abdf-7e6a-475b-ab00-aa0e215942e2,Machamp Heliolisk,45,https://pokepast.es/d5c409fbca5b0ba2,,Heatah Fajita,6a0d58d5-dc2d-4f30-9203-e7a5a3859551,A pretty bulky team with a small rain component,1,0,3,https://assets.pokemon.com/assets/cms2/img/pokedex/detail/695.png
9f2fdbe9-7edb-41dd-a07e-996a80bc255e,Quad Dragon Chansey HO,45,https://pokepast.es/8d388dac3a867571 ,"According to CTC, the team originally had Tyrantrum over Chansey as the team's ""bird counter"".  It also had Choice Scarf on Haxorus",CTC,6e0b221b-5e2e-4bc5-b732-ac8d8e83a7f5,Hyper offense team with a bunch of dragons supported by Wish Twave Chansey,1,0,4,https://assets.pokemon.com/assets/cms2/img/pokedex/detail/612.png
ca96c185-5696-460a-9141-2d07155749d4,Water You Doin',45,https://pokepast.es/16bf03466bc313c1 ,,CTC,6e0b221b-5e2e-4bc5-b732-ac8d8e83a7f5,Triple water offense,1,0,2,https://assets.pokemon.com/assets/cms2/img/pokedex/full/130_f2.png
3d5dd2e2-957f-4c29-929c-b50174fc5fd6,Sableye HO,46,https://pokepast.es/d8ac39c3dc1d2b3e ,,Heatah Fajita,6a0d58d5-dc2d-4f30-9203-e7a5a3859551,Hyper Offense team with Mega Sableye for hazard deterrence and the team's backbone,1,0,4,wix:image://v1/b0bb2b_abf9a166ebea4e4f844a7f0f7e618b7a~mv2.png/sableye-mega.png#originWidth=630&originHeight=630
7479c08f-b955-4b5d-b854-dbb80a23cadc,Cacturne + Mystic Tar,46,https://pokepast.es/584b63585934017e ,,Heatah Fajita,6a0d58d5-dc2d-4f30-9203-e7a5a3859551,Halloween-themed offense,1,0,2,https://assets.pokemon.com/assets/cms2/img/pokedex/detail/332.png
a9c2f1e1-0fd9-4f0c-ad11-2f466f0d7961,"""Tour Caliber"" Trick Room Dragalge",46,https://pokepast.es/5138096029d2bfdd ,"In its first battle, Dragalge had Poison Point instead of Adaptability",CTC,6e0b221b-5e2e-4bc5-b732-ac8d8e83a7f5,Trick Room team with a mix of fat mons and wallbreakers,1,0,13,https://assets.pokemon.com/assets/cms2/img/pokedex/detail/691.png
e988157b-fc66-4139-8eaf-3b38b23a38f8,Every team CTC ever made for OST,46,https://pokepast.es/6a62d5184881ad74 ,,CTC,6e0b221b-5e2e-4bc5-b732-ac8d8e83a7f5,5 standard mons and a Nasty Plot Mew,1,0,2,https://assets.pokemon.com/assets/cms2/img/pokedex/detail/647.png
ee3ca881-0fac-4d75-9dfa-cd108cb86614,Delphox Gourgeist Balance,46,https://pokepast.es/65c5518e7ecde07e ,,Heatah Fajita,6a0d58d5-dc2d-4f30-9203-e7a5a3859551,Halloween-themed team with a bit of sand support,1,0,1,https://assets.pokemon.com/assets/cms2/img/pokedex/detail/655.png
475eaa2d-9224-4938-8bdd-2c01d7519d00,Gliscor Goth,49,https://pokepast.es/6f20ebe447f5ad99 ,,Heatah Fajita,6a0d58d5-dc2d-4f30-9203-e7a5a3859551,Pretty standard balance team,1,0,1,https://assets.pokemon.com/assets/cms2/img/pokedex/detail/472.png
54bd3c82-1e62-4f36-bc7d-41a15177059e,Stoutland Sand,49,https://pokepast.es/e57f0eef1e00c062 ,missing Gothitelle EVs,Heatah Fajita,6a0d58d5-dc2d-4f30-9203-e7a5a3859551,"Sand balance team with Stoutland, Gothitelle, and defensive RestTalk Thundurus",1,0,10,https://assets.pokemon.com/assets/cms2/img/pokedex/detail/508.png
6ea9d401-ad24-41d2-a6ae-f82650d6dd51,"""Azu Mew"" Fix",49,https://pokepast.es/b78641c378afd6ee ,,Heatah Fajita,6a0d58d5-dc2d-4f30-9203-e7a5a3859551,"""Azu Mew"" but with Ferrothorn instead of Ferroseed",1,0,4,wix:image://v1/b0bb2b_23e8784c18884935bec4d7da83e85333~mv2.png/mew.png#originWidth=215&originHeight=215
89cab4c0-40df-4cea-bf98-f8b26c5df8c8,Double Memento Balance,49,https://pokepast.es/ebaf5df7b41c4f1c ,,Heatah Fajita,6a0d58d5-dc2d-4f30-9203-e7a5a3859551,Uses offensive mons that Memento when low on HP to set up for another offensive mon,1,0,1,https://assets.pokemon.com/assets/cms2/img/pokedex/full/282_f2.png
a4c2f4c3-e345-4b87-a714-e38fb93dfda4,Nasty Plot Weavile,49,https://pokepast.es/0fca2f33617a88df ,,Heatah Fajita,6a0d58d5-dc2d-4f30-9203-e7a5a3859551,Might as well be playing with 5 mons + a sac,1,0,2,https://assets.pokemon.com/assets/cms2/img/pokedex/detail/461.png
b7fb2521-f11f-4432-a6e5-729bcf7cc819,"""Azu Mew""",49,https://pokepast.es/1062fc536fda759e ,,Heatah Fajita,6a0d58d5-dc2d-4f30-9203-e7a5a3859551,Hyper Offense team featuring a Mew that has only Water and Fairy moves for attacking,1,0,4,wix:image://v1/b0bb2b_23e8784c18884935bec4d7da83e85333~mv2.png/mew.png#originWidth=215&originHeight=215
e089f0c4-17a2-4650-b15b-e39d3f56db77,Durant Balance,49,https://pokepast.es/65fc961d08d8ad7c ,,Heatah Fajita,6a0d58d5-dc2d-4f30-9203-e7a5a3859551,Includes multiple clerics to keep the pressure going with mons like Sub SD Terrak and Hone Claws Durant,1,0,1,wix:image://v1/b0bb2b_aced7012bb8c40f2878eab62bd2ae558~mv2.png/durant.png#originWidth=215&originHeight=215
4310db8a-da02-4d58-8651-a31a314b3fba,Blue's Clues,50,https://pokepast.es/2390f6446e4a7b78 ,,CTC,6a0d58d5-dc2d-4f30-9203-e7a5a3859551,Pretty standard team where every mons has some blue on it,1,0,1,wix:image://v1/b0bb2b_a22333cd79cd4521b5d0a7027d6e5578~mv2.png/azumarill.png#originWidth=215&originHeight=215
b0a11012-a5c0-4030-8cdf-c97227735701,AV Krook ,50,https://pokepast.es/fc835ed41797775d ,,Heatah Fajita,6a0d58d5-dc2d-4f30-9203-e7a5a3859551,Almost an HO team,1,0,2,https://assets.pokemon.com/assets/cms2/img/pokedex/detail/553.png
db19f1f2-6717-4292-8bea-758381c41224,Chesnaught Chansey Offense,50,https://pokepast.es/f7594309858ff6f7 ,missing Chansey's moveset,Heatah Fajita,6a0d58d5-dc2d-4f30-9203-e7a5a3859551,Attempts to sweep with Sub Salac Drum Chesnaught,1,0,2,https://assets.pokemon.com/assets/cms2/img/pokedex/detail/652.png
f4c6bb99-2780-4283-8549-4fe41b9fff94,Anti-Stall Pangoro,50,https://pokepast.es/3c42c1700093197a ,,Heatah Fajita,6a0d58d5-dc2d-4f30-9203-e7a5a3859551,"Balance team with Sub SD Pangoro, a stall-killer which doesn't care about Mega Sableye or Unaware",1,0,1,wix:image://v1/b0bb2b_cd21b7bee62e4c268247c3b437abbda5~mv2.png/pangoro.png#originWidth=215&originHeight=215
fc967970-794d-4283-b0a5-ad30d37e976b,Double Healing Wish Offense,50,https://pokepast.es/d7b53227c8573118 ,,Heatah Fajita,6a0d58d5-dc2d-4f30-9203-e7a5a3859551,"Has a ton of recovery between Healing Wish, Drain Punch, and Fabio",1,0,2,wix:image://v1/b0bb2b_1f70ebaf4eb44e0f9343ae3c5c90ffc4~mv2.png/latias.png#originWidth=215&originHeight=215
1bf08a21-e2c9-43ee-8b5f-61b171e5cef8,Tank Nape,51,https://pokepast.es/8d5ffaac27493de4 ,Missing Pinsir set.  Most likely Mega,Heatah Fajita,6a0d58d5-dc2d-4f30-9203-e7a5a3859551,Balance team featuring a physically defensive Infernape set,1,0,1,wix:image://v1/b0bb2b_7ba6d3cb5c8b4952a5da0371ffbde1db~mv2.png/infernape.png#originWidth=475&originHeight=475
9a4dcc91-d8f7-4284-bbd1-14337f402355,Volc Semi-Stall,51,https://pokepast.es/37e7d17ecdb67c92 ,,Heatah Fajita,6a0d58d5-dc2d-4f30-9203-e7a5a3859551,"Wears down the opponent with Spikes, CroCune and Sableye before going for a Quiver Dance sweep",1,0,5,wix:image://v1/b0bb2b_01180e1f92e6461989b3f8f4ed19faf4~mv2.png/volcarona.png#originWidth=215&originHeight=215
d6cd027d-4aef-43e4-9d18-052dac803152,AV Gross,51,https://pokepast.es/8484f256c8031c8f ,,Heatah Fajita,6a0d58d5-dc2d-4f30-9203-e7a5a3859551,"Balance team with Metagross, some dragons, and good old 4 attacks Mew",1,0,1,wix:image://v1/b0bb2b_87209db12dc0465ba5e93c001ece035f~mv2.png/metagross.png#originWidth=475&originHeight=475
ff33cf89-e6d4-461b-a868-75df48cc7db3,Stallbreaker Glalie: Fixed,51,https://pokepast.es/b5346e526b410328 ,,Heatah Fajita,6a0d58d5-dc2d-4f30-9203-e7a5a3859551,Balance team that uses Taunt RestTalk Mega Glalie as a stallbreaker,1,0,1,wix:image://v1/b0bb2b_efda966cca034db0adc248c511699038~mv2.png/glalie-mega.png#originWidth=475&originHeight=475
2dc9403e-89d2-41e3-9893-b612a46639cb,Escavalier Sylveon,54,https://pokepast.es/20e75957dd58cdf3 ,"In its first battle, Dragalge had Rough Skin instead of Speed Boost",Pokeaimmd,6a0d58d5-dc2d-4f30-9203-e7a5a3859551,0,1,0,2,https://assets.pokemon.com/assets/cms2/img/pokedex/detail/589.png
46ba5cb5-fbc9-4fc2-8f42-250b4cd4885c,Fabio Chansey Offense,54,https://pokepast.es/0c8f416b621c2e4e ,,Heatah Fajita,6a0d58d5-dc2d-4f30-9203-e7a5a3859551,0,1,0,2,wix:image://v1/b0bb2b_7b9207ce2b0d453a85982f54eadf2a02~mv2.png/fabio.png#originWidth=475&originHeight=475
78bd5549-2c52-4d73-a770-30a336d42f40,Sub Punch Hoopa Don Squad,54,https://pokepast.es/2386ae0c46b8d9b0 ,,Heatah Fajita,6a0d58d5-dc2d-4f30-9203-e7a5a3859551,Balance team featuring Sub Focus Punch Hoopa-U,1,0,1,wix:image://v1/b0bb2b_1e52bdcba6e14abaabbb62e47defd06e~mv2.png/hoopa-unbound.png#originWidth=475&originHeight=475
9beb5033-1802-42b3-b2f5-626b72c9560e,Mega Gallade,54,https://pokepast.es/29b8aba78ea5cc22,,Heatah Fajita,6a0d58d5-dc2d-4f30-9203-e7a5a3859551,"Offensive team with 5 physical attackers, including SD Mega Gallade",1,0,2,https://assets.pokemon.com/assets/cms2/img/pokedex/full/475_f2.png
217e083b-ed9b-4d56-8c99-489ba8c97fb1,Four Kings,57,https://pokepast.es/842e22cc281b11e6 ,,Heatah Fajita,6a0d58d5-dc2d-4f30-9203-e7a5a3859551,Kingdra + Slowking + Nidoking + Slaking = really bad team,1,0,1,https://assets.pokemon.com/assets/cms2/img/pokedex/detail/289.png
3c27ea05-79dd-4c68-b035-e3582fd15aad,The Most Tryhard Team in Existence,57,https://pokepast.es/fb60be08eebb145a ,CTC,Heatah Fajita,6a0d58d5-dc2d-4f30-9203-e7a5a3859551,Literally just standard HO,1,0,4,wix:image://v1/b0bb2b_f6d5a072a34a43978a88bf4959c804bf~mv2.png/garchomp.png#originWidth=215&originHeight=215
61ad5dcc-cc4c-4bd3-970d-801f654bbd2d,Nidoking HO,57,https://pokepast.es/ecc151441e71f5aa ,,Viewer (KanyeWestVEVO),c829bcfe-9232-44e4-8092-31665941cfbf,Hyper Offense team featuring Nidoking,1,0,4,https://assets.pokemon.com/assets/cms2/img/pokedex/detail/034.png
f4ebac17-7fd2-43f4-9eb0-bd651062edc4,whack,57,https://pokepast.es/42a5c25fcd173c65 ,"In some appearances of the team, including its first battle, Alakazam has HP Dark instead of HP Fire",Heatah Fajita,6a0d58d5-dc2d-4f30-9203-e7a5a3859551,Regularly featuring HP Dark Alakazam,1,0,2,https://assets.pokemon.com/assets/cms2/img/pokedex/detail/065.png
7b01a346-52c5-4397-a06a-4cf8aed783b3,Sylveon DD Ditto,58,https://pokepast.es/98325bcab956a1bd ,,CBB,dc8fdc82-a9c6-47c9-9a2b-4ad5baeb4294,"Offensive team with Specs Hyper Beam Sylveon and two Dragon Dance Sweepers, with Ditto for opposing offense",1,0,2,https://assets.pokemon.com/assets/cms2/img/pokedex/detail/700.png
a739ea63-0475-47fc-bdde-e26fe7672d29,Octillery Offense,58,https://pokepast.es/a281675551b9e2c6 ,,Heatah Fajita,6a0d58d5-dc2d-4f30-9203-e7a5a3859551,Uses 4 attacks Octillery as a versatile special attacker and a water type that beats opposing water counters,1,0,2,https://assets.pokemon.com/assets/cms2/img/pokedex/detail/224.png
b8b8ab6f-6116-4d3a-ad45-55442d11ba05,"""The 2nd Worst Team That CTC Has Ever Made""",58,https://pokepast.es/c453389c76308490 ,"Mold Breaker Excadrill paired with Smooth Rock Ttar, a CTC classic",CTC,6e0b221b-5e2e-4bc5-b732-ac8d8e83a7f5,What's his worst team?  Oh there's a few.,1,0,10,https://assets.pokemon.com/assets/cms2/img/pokedex/detail/423.png
0f1d5595-73aa-4dd1-a36c-333369641605,Tryhard Rain,59,https://pokepast.es/436ed0ef55de7cb7 ,"Sniper Kingdra is an error retained for historical accuracy.  It was meant to have Swift Swim, and was changed to that in episode 65.  The same episode changed Kingdra's Rest to Ice Beam and  Garchomp's Swords Dance to Fire Blast",CTC,6e0b221b-5e2e-4bc5-b732-ac8d8e83a7f5,Kingdra rain team,1,0,8,https://assets.pokemon.com/assets/cms2/img/pokedex/detail/186.png
3b214dc6-95be-4437-8dbd-9acb0a6917b4,Stoutland Sand post-Goth Ban,59,https://pokepast.es/b1e85205c82816ea,,Heatah Fajita,6a0d58d5-dc2d-4f30-9203-e7a5a3859551,0,1,0,0,https://assets.pokemon.com/assets/cms2/img/pokedex/detail/508.png
41457829-67e1-4deb-a392-7462fa24483c,Star Wars,59,https://pokepast.es/a3a77396dafcfd4c ,,CTC,6e0b221b-5e2e-4bc5-b732-ac8d8e83a7f5,0,1,0,0,https://assets.pokemon.com/assets/cms2/img/pokedex/detail/625.png
5769ed3f-d5a6-4ac3-9a1f-19b4321d4380,Blunder's Favorite Team,59,https://pokepast.es/3e353ddeaec99b81 ,,Heatah Fajita,6a0d58d5-dc2d-4f30-9203-e7a5a3859551,0,1,0,0,https://assets.pokemon.com/assets/cms2/img/pokedex/detail/485.png
5d792f60-a407-415a-bb60-63827baf5fe6,SD Pass Celebi + Tailwind Zard X,59,https://pokepast.es/e2e9fb8c93c948f2 ,,Heatah Fajita,6a0d58d5-dc2d-4f30-9203-e7a5a3859551,0,1,0,0,https://assets.pokemon.com/assets/cms2/img/pokedex/detail/251.png
60fceab9-1dfe-49ff-8b55-040ca6a35248,Reuniclus Dogshit,59,https://pokepast.es/b8651e3d2c4f2e08 ,,CBB,dc8fdc82-a9c6-47c9-9a2b-4ad5baeb4294,0,1,0,0,https://assets.pokemon.com/assets/cms2/img/pokedex/detail/579.png
b875ee58-2f9d-43ea-a9f7-f941d9d5b757,A Bunch of Stallbreakers,59,https://pokepast.es/f221c422475a17b6 ,,Heatah Fajita,6a0d58d5-dc2d-4f30-9203-e7a5a3859551,A team with multiple members built to destroy stall that probably still loses to stall,1,0,0,https://assets.pokemon.com/assets/cms2/img/pokedex/detail/490.png
271b771e-600f-4353-b71d-cf1b76c425b9,Mienshao Team,62,https://pokepast.es/35dddca2fd7fdda5 ,,CTC,6e0b221b-5e2e-4bc5-b732-ac8d8e83a7f5,0,1,0,0,https://assets.pokemon.com/assets/cms2/img/pokedex/detail/620.png
2bedff09-3138-4da3-8fac-2c3957f5f23d,LuchaGar,62,https://pokepast.es/7cfb35ee78a63419 ,,Heatah Fajita,6a0d58d5-dc2d-4f30-9203-e7a5a3859551,0,1,0,0,https://assets.pokemon.com/assets/cms2/img/pokedex/detail/701.png
cc239c34-05fa-40fe-9321-175c6e4f0a15,Empoleon Croak HO,62,https://pokepast.es/f4da7b70cef6166c ,,Heatah Fajita,6a0d58d5-dc2d-4f30-9203-e7a5a3859551,0,1,0,4,https://assets.pokemon.com/assets/cms2/img/pokedex/detail/454.png
041bc274-acbe-4ebb-8d69-73f927af45ca,Mega Chomp Rain,63,https://pokepast.es/51d3d4ee65763daa ,,Heatah Fajita,6a0d58d5-dc2d-4f30-9203-e7a5a3859551,0,1,0,8,https://assets.pokemon.com/assets/cms2/img/pokedex/full/445_f2.png
1cf8a62c-dc72-4b1b-96e0-6303a99cda8e,DragMag + Pinsir,63,https://pokepast.es/eb104744fa930262 ,,Heatah Fajita,6a0d58d5-dc2d-4f30-9203-e7a5a3859551,"Uses Magnezone to trap Skarmory so Pinsir, Haxorus and friends can go crazy",1,0,0,https://assets.pokemon.com/assets/cms2/img/pokedex/detail/462.png
695a0a87-47f6-4a37-a856-2bebc2588f69,Terrak Shark HO,63,https://pokepast.es/0f30c706438fb9c7 ,,Heatah Fajita,6a0d58d5-dc2d-4f30-9203-e7a5a3859551,0,1,0,4,https://assets.pokemon.com/assets/cms2/img/pokedex/detail/639.png
7dceea6c-8694-4869-8b85-f4d3a6290628,SUCKER4JESSICA,63,https://pokepast.es/9ae56f48e261fe4a ,"This team far predates this episode, but this was the earliest archived appearance I could find",Heatah Fajita,6a0d58d5-dc2d-4f30-9203-e7a5a3859551,Hyper Offense team with multiple Sucker Punch users,1,0,0,https://assets.pokemon.com/assets/cms2/img/pokedex/detail/625.png
f1ca192a-d560-4a0c-b978-2b3335d9c264,Natural Gift Gyara,63,https://pokepast.es/1eaf96fff24d081b ,Natural Gift type is Fire.  Apparently this is an edit of a Tokyo Tom team.,Heatah Fajita,6a0d58d5-dc2d-4f30-9203-e7a5a3859551,"Hyper offense team with mystic Tar, specs Togekiss, and a Gyarados that destroys Ferrothorn",1,0,0,wix:image://v1/b0bb2b_c5c0fd3ece434586a61c4b6601dd71fc~mv2.png/gyarados.png#originWidth=215&originHeight=215
04c9e36e-aa7a-47d3-82cc-27ee5959808f,Camel,65,https://pokepast.es/08c714944827c110 ,,Heatah Fajita,6a0d58d5-dc2d-4f30-9203-e7a5a3859551,0,1,0,0,https://assets.pokemon.com/assets/cms2/img/pokedex/full/323_f2.png
0bc5c520-1805-41ef-bb4a-12ff0438fa36,Diggs Physical Spam,65,https://pokepast.es/7293ca0d512e4e30 ,,Heatah Fajita,6a0d58d5-dc2d-4f30-9203-e7a5a3859551,0,1,0,0,wix:image://v1/b0bb2b_27e7dc7bef3543c58c4d6cbbbf9b26ee~mv2.png/diggersby.png#originWidth=475&originHeight=475
6c0aaef4-504d-4c73-bc85-e096445843a5,Stainless Steel,65,https://pokepast.es/e9a6e78682435c4d ,,Pokeaimmd,6a0d58d5-dc2d-4f30-9203-e7a5a3859551,Double Steel triple Life Orb offense,1,0,2,wix:image://v1/b0bb2b_42563aa86b9740b6ab0f7789573480e7~mv2.png/metagross-mega.png#originWidth=475&originHeight=475
6fc17920-ca3a-4b25-bca0-46598c653074,Which One Am I?,65,https://pokepast.es/7b8bfda725bb3c4f ,,Pokeaimmd,ab420480-a248-4d24-87a3-cd557141f07f,Triple Nasty Plot offense with Zoroark,1,0,0,wix:image://v1/b0bb2b_dc0394af38ac4c7e99e1f20e81c7a930~mv2.png/zoroark.png#originWidth=215&originHeight=215
810a71c3-852e-44e6-bfc0-5cb7efb7a6ae,Triple Trappers: Washed Up Edition,65,https://pokepast.es/d1013808ec0c794e ,"This was made following the Shadow Tag OU ban, so they had to give Wob Telepathy, meaning it can no longer trap.  They hoped people would forget about that and think they were still trapped",Pokeaimmd,ab420480-a248-4d24-87a3-cd557141f07f,It's just not the same after the Shadow Tag ban,1,0,0,https://assets.pokemon.com/assets/cms2/img/pokedex/detail/051.png
8cd9c149-584a-4ba4-9bdc-01021172d26c,Wacan Azu,65,https://pokepast.es/f038a94048466717 ,,Heatah Fajita,6a0d58d5-dc2d-4f30-9203-e7a5a3859551,0,1,0,0,wix:image://v1/b0bb2b_a22333cd79cd4521b5d0a7027d6e5578~mv2.png/azumarill.png#originWidth=215&originHeight=215
926773de-0236-4744-89e0-f2586f0273ea,Mega Doom Keys HO,65,https://pokepast.es/c4b099cee77afa89 ,,Heatah Fajita,6a0d58d5-dc2d-4f30-9203-e7a5a3859551,0,1,0,4,https://assets.pokemon.com/assets/cms2/img/pokedex/full/229_f2.png
965f8949-10c7-49d0-957d-b201930ef28c,Normal Gem Gyara,65,https://pokepast.es/0290c661b934d2c0 ,,Heatah Fajita,6a0d58d5-dc2d-4f30-9203-e7a5a3859551,"Hyper Offense team with Rock Polish Mega Diancie, Diggersby, and a DD Gyarados that uses gem-boosted Return to break through pokemon like Zapdos",1,0,4,wix:image://v1/b0bb2b_c5c0fd3ece434586a61c4b6601dd71fc~mv2.png/gyarados.png#originWidth=215&originHeight=215
d270c922-95f2-4515-affc-0f55f766a8cd,AV Octillery,65,https://pokepast.es/bbaac1b90e5c776e ,,Heatah Fajita,6a0d58d5-dc2d-4f30-9203-e7a5a3859551,Balance team featuring Octillery and Mienshao,1,0,1,https://assets.pokemon.com/assets/cms2/img/pokedex/detail/224.png
42841eed-8708-4063-adc2-4af259aaaac7,OU Garbage,66,https://pokepast.es/ab02a3d460328bc6 ,,Heatah Fajita,6a0d58d5-dc2d-4f30-9203-e7a5a3859551,0,1,0,0,https://assets.pokemon.com/assets/cms2/img/pokedex/detail/373.png
68819f05-b688-4721-9b55-8aff20cdc919,cosine slowbro 2 edit,66,https://pokepast.es/6ebc128535330db6 ,kept the name even though the team no longer has Bro,Blunder,6c4a38e3-74d7-4f59-ac21-42ec109e7982,0,1,0,0,https://assets.pokemon.com/assets/cms2/img/pokedex/detail/149.png
8474bd2c-6358-4242-b926-40279248de93,cosine slowbro 2,66,https://pokepast.es/e4ca7e28f8624b61 ,,cosine,36df3fca-d993-433f-9543-88f310950fdf,0,1,0,0,https://assets.pokemon.com/assets/cms2/img/pokedex/full/080_f2.png
996bd285-98fe-45e8-a4f6-101b1a0187ef,Six Megas,66,https://pokepast.es/276598373b9099b5 ,,Heatah Fajita,6a0d58d5-dc2d-4f30-9203-e7a5a3859551,0,1,0,0,https://assets.pokemon.com/assets/cms2/img/pokedex/full/212_f2.png
bf9aca81-1546-4376-9701-09cf29eef3ed,Clamp HO,66,https://pokepast.es/ec589e8e8bcabd40 ,,Heatah Fajita,6a0d58d5-dc2d-4f30-9203-e7a5a3859551,"Attempts to sweep with Shell Smash Clamperl, who becomes incredibly strong when holding Deep Sea Tooth",1,0,4,https://assets.pokemon.com/assets/cms2/img/pokedex/detail/366.png
f886230f-ef36-47b1-ae75-3057eedd145a,An Actual Team,66,https://pokepast.es/a2515e1c27b6f42f ,,Heatah Fajita,6a0d58d5-dc2d-4f30-9203-e7a5a3859551,Standard hyper offense with Mega Heracross,1,0,0,wix:image://v1/b0bb2b_3b2cf8cdaf544ad3b006587be194d3bf~mv2.png/landorus-therian.png#originWidth=475&originHeight=475
010e352f-7bd0-4d9d-914f-f26d032428ce,Body Slam Paraspam,67,https://pokepast.es/fee4c42330c16f15 ,,Heatah Fajita,6a0d58d5-dc2d-4f30-9203-e7a5a3859551,Built to spread paralysis across the opponent's entire team before going for a lategame sweep with CB Smelling Salts Lickilicky,1,0,0,https://assets.pokemon.com/assets/cms2/img/pokedex/full/127_f2.png
0b2720eb-5956-402b-a0c4-ec0424655a7f,Rampardos Trick Room,67,https://pokepast.es/71b0fe2877b44d82 ,"iconic moment: Rampardos clicks Blizzard turn one and catches a Garchomp on the switch, OHKOing it",Heatah Fajita,6a0d58d5-dc2d-4f30-9203-e7a5a3859551,"Uses Rampardos' unmatched wallbreaking prowess to clear the way for the other members, and maybe Blizzard a Garchomp along the way",1,0,13,wix:image://v1/b0bb2b_f330dbc32dc342798ed3509b5cb62f01~mv2.png/rampardos.png#originWidth=215&originHeight=215
3a841302-8bd3-47ae-8186-154c26bbbb97,Rampardos + Metal Sound Tran,67,https://pokepast.es/5edd4291231b8644 ,,CTC,6e0b221b-5e2e-4bc5-b732-ac8d8e83a7f5,Uses Rampardos to break through physical walls and Reuniclus backed by Metal Sound to break through special walls,1,0,0,wix:image://v1/b0bb2b_f330dbc32dc342798ed3509b5cb62f01~mv2.png/rampardos.png#originWidth=215&originHeight=215
677cc2a8-f81c-4849-a607-e82c018cf617,Sableye Talon + Rampardos,67,https://pokepast.es/f2d32aeda6498ac8 ,,Heatah Fajita,6a0d58d5-dc2d-4f30-9203-e7a5a3859551,A sort of semi-stall team with Rampardos to break opposing bulky teams,1,0,0,wix:image://v1/b0bb2b_f330dbc32dc342798ed3509b5cb62f01~mv2.png/rampardos.png#originWidth=215&originHeight=215
83b34638-d0f6-4b29-95c1-7e22e6e642b7,Rampardos HO,67,https://pokepast.es/a26028c9906e2a7c ,"missing Chomp, Scizor and Lando info.  Possibly Mega Sciz",Heatah Fajita,6a0d58d5-dc2d-4f30-9203-e7a5a3859551,Very offensive Rampardos build,1,0,4,wix:image://v1/b0bb2b_f330dbc32dc342798ed3509b5cb62f01~mv2.png/rampardos.png#originWidth=215&originHeight=215
4a8c23d6-553b-4394-b509-ccce09746202,LOrb Glisc DD Lati,68,https://pokepast.es/2409f90d7d1cb6c5 ,,Heatah Fajita,6a0d58d5-dc2d-4f30-9203-e7a5a3859551,0,1,0,0,https://assets.pokemon.com/assets/cms2/img/pokedex/full/381_f2.png
51dc4220-e80c-4475-897c-257869b36c5a,Pidgeot Godsquad,68,https://pokepast.es/6403f2141355176f ,,Pokeaimmd,ab420480-a248-4d24-87a3-cd557141f07f,0,1,0,0,https://assets.pokemon.com/assets/cms2/img/pokedex/full/018_f2.png
828f3583-b993-4eae-9a4a-87ed0b31c365,Mega Lix Scarf Gyara,68,https://pokepast.es/29d008183019071f ,"In the first battle, Emboar was mistakenly given  Overheat instead of Flare Blitz.",Heatah Fajita,6a0d58d5-dc2d-4f30-9203-e7a5a3859551,Physical spam team with Mega Steelix as a fat rocker and shuffler,1,0,0,https://assets.pokemon.com/assets/cms2/img/pokedex/full/208_f2.png
d4387b46-e74b-4b67-8984-6c1774da5e93,Tyrant Dong Squad,68,https://pokepast.es/d2e6b679fe273d5f ,,Blunder,6c4a38e3-74d7-4f59-ac21-42ec109e7982,Hyper Offense team with Tailwind Suicune letting Scarf Tyrantrum actually outspeed things,1,0,0,https://assets.pokemon.com/assets/cms2/img/pokedex/detail/697.png
37e8e994-de12-4528-b49b-7f73f3fd339b,Talon Gift,70,https://pokepast.es/b67441f4477b71f6 ,Natural Gift type is Ice,Heatah Fajita,6a0d58d5-dc2d-4f30-9203-e7a5a3859551,"Uses Natural Gift - Ice Talonflame to break through standard checks like Garchomp, Landorus, and Zapdos",1,0,0,wix:image://v1/b0bb2b_b6ceb15c69c04581ae489512a34a10de~mv2.png/talonflame.png#originWidth=215&originHeight=215
3f48fd34-4026-452f-a883-5561c56ae6a6,SD Mega Aboma,70,https://pokepast.es/9ae7b377ac9892eb ,,Heatah Fajita,6a0d58d5-dc2d-4f30-9203-e7a5a3859551,0,1,0,0,https://assets.pokemon.com/assets/cms2/img/pokedex/full/460_f2.png
4014276f-e1fe-4fca-a85f-00f20197fe66,Panda Amanda,70,https://pokepast.es/beab34483cf1ed19,,CTC,6e0b221b-5e2e-4bc5-b732-ac8d8e83a7f5,"Balance team with CB Pangoro, Xatu, and Specs Starmie",1,0,0,wix:image://v1/b0bb2b_cd21b7bee62e4c268247c3b437abbda5~mv2.png/pangoro.png#originWidth=215&originHeight=215
41a5e9c5-9e81-4d5f-9168-ad97091ccc37,whack Edit,70,https://pokepast.es/658728132a3358f0 ,,Heatah Fajita,6a0d58d5-dc2d-4f30-9203-e7a5a3859551,"A year later, and it's still HP Dark",1,0,0,https://assets.pokemon.com/assets/cms2/img/pokedex/detail/160.png
831ad5cf-e5b3-4565-a08c-87404e179efb,Panda Amanda Edit,70,https://pokepast.es/5d70dc333d2ebc0d ,,CTC,6e0b221b-5e2e-4bc5-b732-ac8d8e83a7f5,"Balance team with CB Pangoro, Xatu, and Mega Gyarados",1,0,0,wix:image://v1/b0bb2b_cd21b7bee62e4c268247c3b437abbda5~mv2.png/pangoro.png#originWidth=215&originHeight=215
a989e980-bee8-4f15-8c2c-19740de56528,Ben 10,70,https://pokepast.es/4400c98cabe70f0a ,,CTC,6e0b221b-5e2e-4bc5-b732-ac8d8e83a7f5,Offensive team with CB Machamp and defensive RestTalk Gyarados,1,0,0,https://assets.pokemon.com/assets/cms2/img/pokedex/detail/068.png
fa138728-cc83-4995-bd9b-f2edc9742c32,Zard X Sun,70,https://pokepast.es/171c25fab458caba ,,Heatah Fajita,6a0d58d5-dc2d-4f30-9203-e7a5a3859551,Hyper offense sun team with three sun setters,1,0,9,https://assets.pokemon.com/assets/cms2/img/pokedex/full/006_f2.png
8701ff15-e122-404c-91ff-50a7e525a275,Tai Lopez,71,https://pokepast.es/1c7a7fa86e92f14b ,,CTC,6a0d58d5-dc2d-4f30-9203-e7a5a3859551,Because apparently Forretress looks like Tai Lopez,1,0,0,https://assets.pokemon.com/assets/cms2/img/pokedex/detail/205.png
88c6d85c-a879-4ee4-ae1c-c0df14f3fb98,Too Powerful,71,https://pokepast.es/224b5381cbf67308 ,Missing info on two sets.  Pinsir is likely Mega,Heatah Fajita,6a0d58d5-dc2d-4f30-9203-e7a5a3859551,Standard team with 5 physical attackers,1,0,0,https://assets.pokemon.com/assets/cms2/img/pokedex/detail/121.png
9b7ba186-c653-4393-bb8c-9c6285b54335,JOHN CENA,71,https://pokepast.es/2d227886365c2acf ,,CTC,6a0d58d5-dc2d-4f30-9203-e7a5a3859551,"Offensive team with Scarf Spout Jellicent, Sub DD Crawdaunt, and Specs Zoroark",1,0,0,https://assets.pokemon.com/assets/cms2/img/pokedex/full/308_f2.png
f01ac8cc-b27e-43a2-8033-edc2547f7b48,4 Choiced-Mons,71,https://pokepast.es/f4b44a047de445ce ,,CBB,dc8fdc82-a9c6-47c9-9a2b-4ad5baeb4294,0,1,0,0,wix:image://v1/b0bb2b_dc0394af38ac4c7e99e1f20e81c7a930~mv2.png/zoroark.png#originWidth=215&originHeight=215
11d953f8-1e7d-450b-b426-094745ec8847,4 Choiced-Mons with Volcanion,73,https://pokepast.es/71172219b7f96514 ,,Heatah Fajita,6a0d58d5-dc2d-4f30-9203-e7a5a3859551,Quad choice item team featuring the newly released (at the time) Volcanion,1,0,0,wix:image://v1/b0bb2b_dc0394af38ac4c7e99e1f20e81c7a930~mv2.png/zoroark.png#originWidth=215&originHeight=215
c16a85b0-26cc-41db-9485-ae4318ab4f20,Volcan Offense,73,https://pokepast.es/48f72f9904df3655 ,,Blunder,6c4a38e3-74d7-4f59-ac21-42ec109e7982,Pretty standard Volcanion team,1,0,2,wix:image://v1/b0bb2b_7dfd945b336241e6a97dd357ad185086~mv2.png/volcanion.png#originWidth=215&originHeight=215
def92d5c-38d8-4b57-a61e-f8e74034bbcb,Volcan Balance,73,https://pokepast.es/62cb1a88c279123a ,,Blunder,6c4a38e3-74d7-4f59-ac21-42ec109e7982,"Less standard Volcanion team with CM Thunder Clef, and Scarf Terrakion",1,0,1,wix:image://v1/b0bb2b_7dfd945b336241e6a97dd357ad185086~mv2.png/volcanion.png#originWidth=215&originHeight=215
41e2145c-dbae-4371-8e22-d9e5421bf2f1,Geist Lax Boom,74,https://pokepast.es/26e315c33e49e482 ,,Emvee,ef81f2d5-206f-479e-a7e7-a32169563bb2,Has Explosion or Self-Destruct on every member,1,0,0,https://assets.pokemon.com/assets/cms2/img/pokedex/detail/711.png
68255919-e550-4f97-9e68-57b14964591a,Rest Talk Meta + Mystic Tar Edit,74,https://pokepast.es/6c47275a062b59d7 ,,Pokeaimmd,ab420480-a248-4d24-87a3-cd557141f07f,The version with Mega Meta and Scarf Ttar,1,0,0,wix:image://v1/b0bb2b_42563aa86b9740b6ab0f7789573480e7~mv2.png/metagross-mega.png#originWidth=475&originHeight=475
9c872008-4208-4f82-8a98-b8f6791a5187,Rest Talk Meta + Mystic Tar,74,https://pokepast.es/845e8bef89e0f89f ,,Pokeaimmd,ab420480-a248-4d24-87a3-cd557141f07f,The version with lefties Meta and Mega Ttar,1,0,0,https://assets.pokemon.com/assets/cms2/img/pokedex/full/248_f2.png
f1d51553-5955-4602-a2b6-a01ee8e7487d,THE FIRE,74,https://pokepast.es/ad2c4328f7f44412  ,,Viewer (key),c829bcfe-9232-44e4-8092-31665941cfbf,"Sticky Web team with Sylveon, Gengar and Zard X",1,0,0,https://assets.pokemon.com/assets/cms2/img/pokedex/full/094.png
11f24feb-ea38-45a7-b58f-6099c87a80da,Raptor,75,https://pokepast.es/eaf613096aabd660 ,,Heatah Fajita,6a0d58d5-dc2d-4f30-9203-e7a5a3859551,Uses Staraptor as a fierce wallbreaker that probably kills itself with recoil,1,0,0,https://assets.pokemon.com/assets/cms2/img/pokedex/detail/398.png
4d8e3ec4-9b84-4f87-a67b-2ac9848218f7,Garbo Rade,75,https://pokepast.es/e6f5d88f2f34028f ,,Heatah Fajita,6a0d58d5-dc2d-4f30-9203-e7a5a3859551,Double Poison offense + Azu Mew,1,0,0,https://assets.pokemon.com/assets/cms2/img/pokedex/detail/569.png
4f341e03-3437-4df8-a768-4d2bc56335b3,Mega Doom Edit,75,https://pokepast.es/9b556467d92fba06,,Heatah Fajita,6a0d58d5-dc2d-4f30-9203-e7a5a3859551,0,1,0,0,https://assets.pokemon.com/assets/cms2/img/pokedex/full/229_f2.png
88d182d4-55f7-4a20-ae12-8be6a80d5341,Dog Gate,75,https://pokepast.es/18f096caf48df779  ,,Heatah Fajita,6a0d58d5-dc2d-4f30-9203-e7a5a3859551,Fairly standard offensive team,1,0,0,https://assets.pokemon.com/assets/cms2/img/pokedex/full/719_f2.png
dccc67f4-a277-4765-9fd9-c9511b83a733,Families,75,https://pokepast.es/fed34728ba5f8f55 ,,Heatah Fajita,6a0d58d5-dc2d-4f30-9203-e7a5a3859551,,1,0,0,https://assets.pokemon.com/assets/cms2/img/pokedex/detail/597.png
3bade3a6-004e-424f-b9c4-4b648631586e,Shake That Booty,76,https://pokepast.es/bcb3ada1d72fe916 ,,CTC,6e0b221b-5e2e-4bc5-b732-ac8d8e83a7f5,A semi stall team where you set up early hazards and wear down the opposing team with the RestTalk Dragon Tail users.  One of CBB's personal favorites.,1,0,0,https://assets.pokemon.com/assets/cms2/img/pokedex/full/306_f2.png
7b8e79f8-3c0c-457e-97ea-59c6366fcd74,Badntei,76,https://pokepast.es/043aaf8a725fd1a1 ,"In its first battle, Entei had Stone Edge instead of Flare Blitz",CTC,6e0b221b-5e2e-4bc5-b732-ac8d8e83a7f5,Uses CB Entei + CB Dragonite for their power and strong Extreme Speeds,1,0,0,https://assets.pokemon.com/assets/cms2/img/pokedex/detail/244.png
b2009126-f61c-41c1-8fa6-d97e1c67ffa9,Lit at the Nightloud,76,https://pokepast.es/a754dd99cd76351f ,,CTC,6e0b221b-5e2e-4bc5-b732-ac8d8e83a7f5,"Offensive team with Exploud, SD Keldeo, and Spiritomb",1,0,0,https://assets.pokemon.com/assets/cms2/img/pokedex/detail/295.png
f9e3e9a5-7b0e-43ab-8b3e-4082266676dc,Custap Lax,76,https://pokepast.es/caaa91c81ca55421  ,,Heatah Fajita,6a0d58d5-dc2d-4f30-9203-e7a5a3859551,Hyper offense team that uses Belly Drum Self Destruct Snorlax to almost guarantee a ko,1,0,0,https://assets.pokemon.com/assets/cms2/img/pokedex/detail/143.png
04ccb138-4316-4fb1-92e0-9998e66e8eef,Custap Lax SD Keld,77,https://pokepast.es/3f886667bf7f0c0c ,,Heatah Fajita,6a0d58d5-dc2d-4f30-9203-e7a5a3859551,"A strange team with Self Destruct Lax, SD Keldeo and Rocky Helmet Infernape",1,0,0,https://assets.pokemon.com/assets/cms2/img/pokedex/detail/647.png
b4de8535-5990-4380-b8ea-d0dd1e792ab6,No Hype,77,https://pokepast.es/649162b39062de0d ,,Heatah Fajita,6a0d58d5-dc2d-4f30-9203-e7a5a3859551,Shows the gang's feelings on the Gen 7 starters soon after their reveal,1,0,0,https://assets.pokemon.com/assets/cms2/img/pokedex/detail/178.png
f6ca254d-9aa0-4ad7-bf69-ce62599c05f8,Custap Lax SD Keld 2,77,https://pokepast.es/4f4d6f7153064566 ,,Heatah Fajita,6a0d58d5-dc2d-4f30-9203-e7a5a3859551,Same as the original but changes Infernape to a more standard choice band set,1,0,0,https://assets.pokemon.com/assets/cms2/img/pokedex/detail/143.png
70113a45-3591-413a-a5c0-b72fcf3e393d,Ass Shit for Tour,78,https://pokepast.es/0c8752d6cd68741f ,,CTC,6e0b221b-5e2e-4bc5-b732-ac8d8e83a7f5,0,1,0,0,https://assets.pokemon.com/assets/cms2/img/pokedex/full/641_f2.png
747c7872-3294-4a23-8171-0cb8ada0c1cd,Ain't Standard,78,https://pokepast.es/b6eaf6d786661350 ,,Heatah Fajita,6a0d58d5-dc2d-4f30-9203-e7a5a3859551,Offensive team with Focus Blast Clefable and Sub Bulk Up Landorus,1,0,0,https://assets.pokemon.com/assets/cms2/img/pokedex/full/645_f2.png
90bb8189-30bc-440f-80d1-a53082d1f1dd,Lure Rachi,78,https://pokepast.es/e7020f6e6daf533b ,,Heatah Fajita,6a0d58d5-dc2d-4f30-9203-e7a5a3859551,Hyper Offense team that uses Jirachi to lure in Heatran and clear the way for Bisharp and Scizor to put in work,1,0,0,https://assets.pokemon.com/assets/cms2/img/pokedex/detail/385.png
bee85eb4-aeca-4009-956c-7e9ec51f40f4,Loom Shark Offense,78,https://pokepast.es/21707a18a92ffdff ,,Heatah Fajita,6a0d58d5-dc2d-4f30-9203-e7a5a3859551,Offensive team with Breloom and two Water-Dark types,1,0,2,https://assets.pokemon.com/assets/cms2/img/pokedex/detail/286.png
16b6d837-aa72-49f9-a5d0-dfabf914a365,Mono Electric Weak,79,https://pokepast.es/decc5d2258a6d6b2 ,,Heatah Fajita,6a0d58d5-dc2d-4f30-9203-e7a5a3859551,Hyper offense team that loses on the spot to Zapdos,1,0,0,https://assets.pokemon.com/assets/cms2/img/pokedex/detail/227.png
1eb85c75-1030-4380-b273-4b2326111fdc,Swanna Lose edit,79,https://pokepast.es/d41e422628a7644d  ,,Heatah Fajita,6a0d58d5-dc2d-4f30-9203-e7a5a3859551,Hyper Offense rain team with Swanna,1,0,8,https://assets.pokemon.com/assets/cms2/img/pokedex/detail/581.png
30c7bfce-8889-477a-ae29-a2146af2b858,Mega Stoise HO,79,https://pokepast.es/ad38b2a6fa023afd ,,Pokeaimmd,ab420480-a248-4d24-87a3-cd557141f07f,0,1,0,4,https://assets.pokemon.com/assets/cms2/img/pokedex/full/009_f2.png
4e85c09b-a42d-495d-98bd-8e858d9bceac,Sigilyph Flygon,79,https://pokepast.es/87fd99aabd8a69b6,,Emvee,ef81f2d5-206f-479e-a7e7-a32169563bb2,0,1,0,0,https://assets.pokemon.com/assets/cms2/img/pokedex/detail/561.png
95a3be6f-5fdd-4f6e-ac61-2b6581d51b0d,Fling Lee,79,https://pokepast.es/31ad3d9a7a6c4dd1 ,,Heatah Fajita,6a0d58d5-dc2d-4f30-9203-e7a5a3859551,Offensive team with a Hitmonlee that goes from very slow to very fast,1,0,0,https://assets.pokemon.com/assets/cms2/img/pokedex/detail/106.png
2a1653ea-3c96-4e76-80d3-c562282794ef,No Chill,80,https://pokepast.es/565fd70c245b2821,,CTC,6e0b221b-5e2e-4bc5-b732-ac8d8e83a7f5,0,1,0,0,https://assets.pokemon.com/assets/cms2/img/pokedex/detail/160.png
5564c8e8-487e-4f41-b102-e5a8817d6145,Standard Dnite Team,80,https://pokepast.es/20cdf1f2e74c386e,,Heatah Fajita,6a0d58d5-dc2d-4f30-9203-e7a5a3859551,0,1,0,0,https://assets.pokemon.com/assets/cms2/img/pokedex/detail/149.png
5b23b76b-9b43-4822-be32-9f8a192e1249,DPP-esque Triple Endeavor Team,80,https://pokepast.es/0f6bdd5acb70bff3 ,,Pokeaimmd,ab420480-a248-4d24-87a3-cd557141f07f,"Uses a lot of DPP OU sets like CB Azelf and Machamp, plus a few FEAR sets",1,0,0,https://assets.pokemon.com/assets/cms2/img/pokedex/detail/350.png
a27e7dc0-0f8d-4023-af79-f162aadf3ead,Lizardon Team Edit,80,https://pokepast.es/5b759486e7004091,,Heatah Fajita,6a0d58d5-dc2d-4f30-9203-e7a5a3859551,0,1,0,0,https://assets.pokemon.com/assets/cms2/img/pokedex/full/479_f6.png
e70fd8ba-0a16-41dd-8842-0dc78bd7f97b,Who's Your Daddy,80,https://pokepast.es/ad78a6e0703aa3f9 ,,CTC,6e0b221b-5e2e-4bc5-b732-ac8d8e83a7f5,0,1,0,0,https://assets.pokemon.com/assets/cms2/img/pokedex/detail/448.png
ee860433-335e-43ca-a50f-83637447741a,AV Mola Offense,80,https://pokepast.es/ba69ef4b070c5612,,CTC,6e0b221b-5e2e-4bc5-b732-ac8d8e83a7f5,0,1,0,2,https://assets.pokemon.com/assets/cms2/img/pokedex/detail/594.png
248ea95d-956c-4e5a-8bff-ee86e829b592,Vivillon Lord Squad,81,https://pokepast.es/99c5104ca8527c65,,CTC,6e0b221b-5e2e-4bc5-b732-ac8d8e83a7f5,0,1,0,0,https://assets.pokemon.com/assets/cms2/img/pokedex/detail/666.png
e4745f28-a94b-4a09-90a9-e8d0f8755ac5,TurnTurn,81,https://pokepast.es/8503eb83c087449b ,,Heatah Fajita,6a0d58d5-dc2d-4f30-9203-e7a5a3859551,"Because if there's one thing you need momentum to get in consistently, it's Mega Sableye",1,0,0,https://assets.pokemon.com/assets/cms2/img/pokedex/detail/637.png
ebeffebe-6dee-46b2-aede-9b98597b9239,Specs Milo Froslass HO,81,https://pokepast.es/af9312536210b74c ,,Heatah Fajita,6a0d58d5-dc2d-4f30-9203-e7a5a3859551,,1,0,4,https://assets.pokemon.com/assets/cms2/img/pokedex/detail/350.png
67c2eb60-8559-4495-a6d5-df98998e923d,Scarf Gyara Returns,82,https://pokepast.es/2f96c3a4f1b50391,,CTC,6e0b221b-5e2e-4bc5-b732-ac8d8e83a7f5,0,1,0,0,wix:image://v1/b0bb2b_c5c0fd3ece434586a61c4b6601dd71fc~mv2.png/gyarados.png#originWidth=215&originHeight=215
c149a9fa-2e12-443d-a11a-a6cde1198313,Mono Fly Lando + Band Drill,82,https://pokepast.es/a21d899715b5dd7f,,Heatah Fajita,6a0d58d5-dc2d-4f30-9203-e7a5a3859551,0,1,0,0,wix:image://v1/b0bb2b_3b2cf8cdaf544ad3b006587be194d3bf~mv2.png/landorus-therian.png#originWidth=475&originHeight=475
ea888b2e-28bb-432b-b76c-783e935a5f67,Mono Fly Dnite,82,https://pokepast.es/60a8a40a43b2cadd,,Heatah Fajita,6a0d58d5-dc2d-4f30-9203-e7a5a3859551,0,1,0,0,wix:image://v1/b0bb2b_44bc589d09544137b3db76c1293e0ae8~mv2.png/dragonite.png#originWidth=215&originHeight=215
0188f434-1b93-46fc-98e1-bf8ec2a93c1e,Ramp + Fabio Flames,83,https://pokepast.es/5619072ca66beb06,,CTC,6e0b221b-5e2e-4bc5-b732-ac8d8e83a7f5,0,1,0,0,wix:image://v1/b0bb2b_7b9207ce2b0d453a85982f54eadf2a02~mv2.png/fabio.png#originWidth=475&originHeight=475
1b17714d-33e8-4ceb-86d6-ef3d3c5e28d3,Specs Kyurem Offense,85,https://pokepast.es/8ae2443dc995770f,,Heatah Fajita,6a0d58d5-dc2d-4f30-9203-e7a5a3859551,0,1,0,2,https://assets.pokemon.com/assets/cms2/img/pokedex/detail/646.png
277450d4-9bb9-4e64-a0e1-ca145a3d7c0b,Specs Kyurem HO,85,https://pokepast.es/21a3bde3ea1b22c7,,Heatah Fajita,6a0d58d5-dc2d-4f30-9203-e7a5a3859551,0,1,0,4,https://assets.pokemon.com/assets/cms2/img/pokedex/detail/646.png
bb4377fe-9171-41e3-a1bf-ecbf8d86a04f,Talon Gift 2,85,https://pokepast.es/c69ceae156f16ba8,Natural Gift type is Fighting,Heatah Fajita,6a0d58d5-dc2d-4f30-9203-e7a5a3859551,0,1,0,0,wix:image://v1/b0bb2b_b6ceb15c69c04581ae489512a34a10de~mv2.png/talonflame.png#originWidth=215&originHeight=215
c6d57af3-6312-424e-9275-b625502acca7,Mega Chomp Rotom Freeze Core,85,https://pokepast.es/85d1a694170746da,,Viewer(SuckMyVictory),c829bcfe-9232-44e4-8092-31665941cfbf,0,1,0,0,https://assets.pokemon.com/assets/cms2/img/pokedex/full/479_f4.png
d60414f2-b82a-42fa-afcc-a5ffc908d57d,Ches Thundy-T Dong Squad,85,https://pokepast.es/3f47916604ecdc22,,CBB,dc8fdc82-a9c6-47c9-9a2b-4ad5baeb4294,0,1,0,0,https://assets.pokemon.com/assets/cms2/img/pokedex/detail/652.png
dfd30458-3baa-4f2b-87be-64db1159d885,Mono 4x Stealth Rock Weak,85,https://pokepast.es/6f621676fe783853,missing Volcarona set,CBB,dc8fdc82-a9c6-47c9-9a2b-4ad5baeb4294,0,1,0,0,https://assets.pokemon.com/assets/cms2/img/pokedex/detail/666.png
a2d07bb4-0b52-4c7b-9560-cf028fc12ad1,S U D O W O O D O,86,https://pokepast.es/ca766e00ddbe100f,,Blunder,6c4a38e3-74d7-4f59-ac21-42ec109e7982,0,1,0,0,https://assets.pokemon.com/assets/cms2/img/pokedex/detail/185.png
cdf19581-48f2-4dd5-a153-a4f7a0a50858,Conk + SpDef Rest Gyara,86,https://pokepast.es/3a084689193ebd3d,,Heatah Fajita,6a0d58d5-dc2d-4f30-9203-e7a5a3859551,0,1,0,0,https://assets.pokemon.com/assets/cms2/img/pokedex/detail/534.png
f5503d05-238c-41fa-9bb3-e0f3db95ac83,"S U D O W O O D O, Diggersby Hit 'Em Below",86,https://pokepast.es/1aa7b753e60ff701,,CTC,6e0b221b-5e2e-4bc5-b732-ac8d8e83a7f5,0,1,0,0,https://assets.pokemon.com/assets/cms2/img/pokedex/detail/185.png
03adb363-4031-4dbd-929f-9a95b9846c7e,Electivire God Squad,87,https://pokepast.es/f6f5d8a55d928a39,,Emvee,ef81f2d5-206f-479e-a7e7-a32169563bb2,0,1,0,0,https://assets.pokemon.com/assets/cms2/img/pokedex/detail/466.png
1ddcbc49-ffe2-4df4-ad6d-7efb9143b09f,Mega Pidgey + AV Tenta,87,https://pokepast.es/56b93f8eee467f7d,,Heatah Fajita,6a0d58d5-dc2d-4f30-9203-e7a5a3859551,0,1,0,0,https://assets.pokemon.com/assets/cms2/img/pokedex/detail/073.png
33f6c9ee-2982-4132-af94-b973acbfe5d8,Tuff,87,https://pokepast.es/182346154351d62c,,Emvee,ef81f2d5-206f-479e-a7e7-a32169563bb2,0,1,0,0,https://assets.pokemon.com/assets/cms2/img/pokedex/detail/040.png
8f8d30f1-3bf3-424f-b3cf-ab1af1eef4ea,Luxray + Cacturne,87,https://pokepast.es/847d2c88db0fbbc6,,Emvee,ef81f2d5-206f-479e-a7e7-a32169563bb2,0,1,0,0,https://assets.pokemon.com/assets/cms2/img/pokedex/detail/405.png
e8dee264-58cd-48bf-87b2-60611e520306,CB Cloy + AV Saur + Kecleon,87,https://pokepast.es/2bb4545f8704d63b,,Emvee,ef81f2d5-206f-479e-a7e7-a32169563bb2,0,1,0,0,https://assets.pokemon.com/assets/cms2/img/pokedex/detail/352.png
,The Team with 6 Azu Switch-Ins,0,https://pokepast.es/b5109a3d5bbddf63 ,"The episode this team came from is currently lost, so everything here is from memory.  There may have been another pokemon in the Amoongus slot.",CTC,6e0b221b-5e2e-4bc5-b732-ac8d8e83a7f5,Because Heatah Fajita teams always lose to Azu,1,0,0,https://assets.pokemon.com/assets/cms2/img/pokedex/full/597.png